Priority,Time,Name
111096,699,kumpd
83461,409,lkdlqnr
48715,382,orxkdypzsr
145112,170,tnbbvhlj
283217,493,-hsl-gtep
184357,564,orxkdypzsr
95899,88,-hsl-gtep
58374,907,-mtrdbzm
286280,456,-hsl-gtep
135297,13,uhejx-nxxxdxx-
178150,588,-hsl-gtep
41470,755,tnbbvhlj
220169,909,-hsl-gtep
37727,976,jysorbkbhpesaqufo
225526,704,-hsl-gtep
79906,312,-mtrdbzm
48170,665,liglxfhhoqshodsv
161491,898,lkdlqnr
228431,68,lkdlqnr
41418,483,kumpd
148509,598,liglxfhhoqshodsv
237512,154,liglxfhhoqshodsv
34438,859,jysorbkbhpesaqufo
190720,363,orxkdypzsr
60994,619,tnbbvhlj
11595,579,jysorbkbhpesaqufo
191477,84,-mtrdbzm
256187,334,qsavgvxoenog
192,875,uhejx-nxxxdxx-
238157,573,tnbbvhlj
109855,497,-mtrdbzm
229444,126,uhejx-nxxxdxx-
187568,742,-mtrdbzm
287071,667,kumpd
33395,836,lkdlqnr
92465,327,kumpd
13799,700,orxkdypzsr
133654,20,-hsl-gtep
171069,380,jysorbkbhpesaqufo
144588,301,jysorbkbhpesaqufo
21938,314,qsavgvxoenog
276340,195,lkdlqnr
149335,941,jysorbkbhpesaqufo
119143,790,jysorbkbhpesaqufo
77927,376,orxkdypzsr
109903,457,lkdlqnr
223670,260,qsavgvxoenog
10855,827,jysorbkbhpesaqufo
111626,655,liglxfhhoqshodsv
165515,879,uhejx-nxxxdxx-
85117,979,tnbbvhlj
161798,987,liglxfhhoqshodsv
69221,170,jysorbkbhpesaqufo
123219,172,uhejx-nxxxdxx-
256123,318,jysorbkbhpesaqufo
231097,557,liglxfhhoqshodsv
171268,641,uhejx-nxxxdxx-
35170,120,jysorbkbhpesaqufo
206378,214,orxkdypzsr
14376,727,uhejx-nxxxdxx-
159834,626,qsavgvxoenog
15425,500,tnbbvhlj
239666,454,uhejx-nxxxdxx-
94894,763,tnbbvhlj
13110,99,tnbbvhlj
191920,325,uhejx-nxxxdxx-
84393,145,liglxfhhoqshodsv
169928,944,kumpd
282967,987,orxkdypzsr
52651,664,jysorbkbhpesaqufo
183851,462,uhejx-nxxxdxx-
220872,740,-mtrdbzm
289170,519,liglxfhhoqshodsv
5981,416,kumpd
45249,144,uhejx-nxxxdxx-
233310,537,uhejx-nxxxdxx-
39013,680,-mtrdbzm
106646,261,jysorbkbhpesaqufo
210838,672,-mtrdbzm
166412,466,qsavgvxoenog
203424,42,-mtrdbzm
24710,309,uhejx-nxxxdxx-
97110,533,orxkdypzsr
204011,287,jysorbkbhpesaqufo
113496,149,liglxfhhoqshodsv
260106,822,tnbbvhlj
267908,215,kumpd
124458,748,-mtrdbzm
128133,215,jysorbkbhpesaqufo
197915,968,-mtrdbzm
257959,949,kumpd
189487,885,-mtrdbzm
31009,834,-mtrdbzm
62349,92,kumpd
293721,249,jysorbkbhpesaqufo
122084,188,tnbbvhlj
43519,902,uhejx-nxxxdxx-
63315,571,qsavgvxoenog
272965,982,orxkdypzsr
31672,483,jysorbkbhpesaqufo
209964,564,-hsl-gtep
192710,172,-mtrdbzm
106918,472,liglxfhhoqshodsv
241089,489,-mtrdbzm
273811,204,qsavgvxoenog
237005,607,kumpd
37939,198,tnbbvhlj
15997,527,-hsl-gtep
246526,630,orxkdypzsr
136472,94,-mtrdbzm
29450,323,-hsl-gtep
287238,208,-mtrdbzm
136459,344,qsavgvxoenog
130826,57,uhejx-nxxxdxx-
291548,135,uhejx-nxxxdxx-
65440,995,orxkdypzsr
229421,106,orxkdypzsr
11520,327,jysorbkbhpesaqufo
232534,945,jysorbkbhpesaqufo
99146,279,tnbbvhlj
202412,294,qsavgvxoenog
17557,17,-mtrdbzm
17866,959,-mtrdbzm
265032,955,jysorbkbhpesaqufo
173163,938,liglxfhhoqshodsv
115880,71,tnbbvhlj
111278,278,kumpd
245562,761,jysorbkbhpesaqufo
11202,885,jysorbkbhpesaqufo
22530,909,lkdlqnr
41734,394,orxkdypzsr
7601,371,lkdlqnr
130971,431,-hsl-gtep
148186,881,lkdlqnr
173004,414,-mtrdbzm
279866,789,lkdlqnr
176001,304,uhejx-nxxxdxx-
54495,79,kumpd
155661,326,uhejx-nxxxdxx-
94247,834,-mtrdbzm
102714,848,orxkdypzsr
262623,702,-hsl-gtep
254562,843,tnbbvhlj
253237,547,jysorbkbhpesaqufo
75302,163,-hsl-gtep
143301,678,jysorbkbhpesaqufo
99387,881,liglxfhhoqshodsv
126,279,tnbbvhlj
195991,242,kumpd
75651,612,-mtrdbzm
2764,466,-hsl-gtep
232444,958,-mtrdbzm
136069,804,uhejx-nxxxdxx-
274862,680,jysorbkbhpesaqufo
143504,529,kumpd
237607,250,-mtrdbzm
286338,596,-hsl-gtep
204630,925,-mtrdbzm
232304,819,kumpd
23246,486,liglxfhhoqshodsv
221536,871,qsavgvxoenog
77231,720,orxkdypzsr
126694,488,uhejx-nxxxdxx-
109578,132,lkdlqnr
52107,485,-hsl-gtep
204809,817,orxkdypzsr
24324,287,uhejx-nxxxdxx-
60433,337,tnbbvhlj
11882,657,-mtrdbzm
251103,674,tnbbvhlj
239649,522,kumpd
141783,354,-hsl-gtep
230714,501,jysorbkbhpesaqufo
179755,953,jysorbkbhpesaqufo
67662,367,tnbbvhlj
5317,526,lkdlqnr
76543,939,orxkdypzsr
120747,944,jysorbkbhpesaqufo
174366,930,liglxfhhoqshodsv
299390,448,liglxfhhoqshodsv
154050,972,uhejx-nxxxdxx-
118189,70,jysorbkbhpesaqufo
22368,840,-hsl-gtep
122414,125,jysorbkbhpesaqufo
179164,69,tnbbvhlj
26397,782,liglxfhhoqshodsv
241667,899,orxkdypzsr
104638,269,-mtrdbzm
130566,361,-hsl-gtep
59387,489,orxkdypzsr
10116,410,-hsl-gtep
94548,332,-hsl-gtep
65701,246,tnbbvhlj
70699,448,lkdlqnr
243132,52,jysorbkbhpesaqufo
222723,597,kumpd
275489,317,tnbbvhlj
299735,337,kumpd
173223,384,uhejx-nxxxdxx-
1854,51,jysorbkbhpesaqufo
189424,610,liglxfhhoqshodsv
152413,476,kumpd
44065,954,-mtrdbzm
269026,917,orxkdypzsr
210803,588,orxkdypzsr
257810,83,qsavgvxoenog
146878,810,-hsl-gtep
83521,150,liglxfhhoqshodsv
161708,22,-mtrdbzm
103439,41,jysorbkbhpesaqufo
179189,187,-mtrdbzm
233799,771,-hsl-gtep
44273,563,uhejx-nxxxdxx-
170036,787,qsavgvxoenog
1862,888,kumpd
37782,362,kumpd
137496,945,uhejx-nxxxdxx-
224445,415,uhejx-nxxxdxx-
297624,690,orxkdypzsr
26486,327,qsavgvxoenog
184788,880,lkdlqnr
32016,440,tnbbvhlj
177141,708,jysorbkbhpesaqufo
11462,661,-mtrdbzm
41031,30,qsavgvxoenog
218706,323,jysorbkbhpesaqufo
183089,521,orxkdypzsr
291322,778,orxkdypzsr
116003,566,-mtrdbzm
167451,65,orxkdypzsr
206312,550,lkdlqnr
89768,91,jysorbkbhpesaqufo
20750,133,uhejx-nxxxdxx-
271033,869,kumpd
217701,854,orxkdypzsr
59666,885,-mtrdbzm
252761,141,jysorbkbhpesaqufo
168938,25,tnbbvhlj
155076,875,uhejx-nxxxdxx-
254481,220,orxkdypzsr
82517,935,orxkdypzsr
265615,238,-hsl-gtep
200166,612,qsavgvxoenog
258597,502,kumpd
1216,922,jysorbkbhpesaqufo
246005,11,uhejx-nxxxdxx-
217365,917,kumpd
144124,544,-hsl-gtep
53016,240,liglxfhhoqshodsv
248702,952,lkdlqnr
212176,135,lkdlqnr
293257,312,lkdlqnr
151178,531,kumpd
249239,371,kumpd
30940,457,liglxfhhoqshodsv
266780,892,liglxfhhoqshodsv
202152,81,-hsl-gtep
265781,518,kumpd
105683,661,qsavgvxoenog
64960,146,qsavgvxoenog
119432,874,lkdlqnr
237045,951,tnbbvhlj
281886,523,-mtrdbzm
90351,801,-hsl-gtep
115280,773,qsavgvxoenog
139203,976,-mtrdbzm
205594,375,uhejx-nxxxdxx-
265472,954,liglxfhhoqshodsv
82677,965,qsavgvxoenog
239315,518,kumpd
89548,315,qsavgvxoenog
32000,877,tnbbvhlj
103116,431,-hsl-gtep
128513,338,-hsl-gtep
289490,135,-hsl-gtep
100884,424,-hsl-gtep
23722,457,kumpd
74530,420,jysorbkbhpesaqufo
11521,342,kumpd
42129,540,-mtrdbzm
175788,207,lkdlqnr
264038,149,-hsl-gtep
126974,272,lkdlqnr
200761,961,uhejx-nxxxdxx-
294071,397,tnbbvhlj
158745,598,-hsl-gtep
60898,779,uhejx-nxxxdxx-
180605,957,-hsl-gtep
7496,412,qsavgvxoenog
205004,649,orxkdypzsr
30595,295,kumpd
225815,454,jysorbkbhpesaqufo
184076,653,liglxfhhoqshodsv
297545,997,-hsl-gtep
22663,120,-hsl-gtep
159322,206,orxkdypzsr
231760,595,jysorbkbhpesaqufo
185884,899,lkdlqnr
67319,248,liglxfhhoqshodsv
286210,917,qsavgvxoenog
172561,251,uhejx-nxxxdxx-
80041,110,lkdlqnr
101951,423,orxkdypzsr
130194,547,-mtrdbzm
180685,615,tnbbvhlj
166150,468,kumpd
58535,936,tnbbvhlj
10821,300,-hsl-gtep
54554,738,-hsl-gtep
135715,645,-mtrdbzm
149748,691,qsavgvxoenog
34446,760,jysorbkbhpesaqufo
73645,974,tnbbvhlj
249657,459,liglxfhhoqshodsv
194637,249,uhejx-nxxxdxx-
29859,913,kumpd
211389,95,-mtrdbzm
226959,340,jysorbkbhpesaqufo
77062,873,-hsl-gtep
170336,117,uhejx-nxxxdxx-
258985,861,jysorbkbhpesaqufo
192722,299,lkdlqnr
185077,406,jysorbkbhpesaqufo
19465,226,tnbbvhlj
242216,839,tnbbvhlj
227858,585,tnbbvhlj
181355,618,liglxfhhoqshodsv
209993,34,-hsl-gtep
42339,690,lkdlqnr
33819,875,-mtrdbzm
227085,573,orxkdypzsr
183790,63,jysorbkbhpesaqufo
288944,749,kumpd
121325,985,jysorbkbhpesaqufo
223227,872,-hsl-gtep
296533,944,jysorbkbhpesaqufo
68182,738,kumpd
1087,783,lkdlqnr
256995,262,-hsl-gtep
174453,423,uhejx-nxxxdxx-
113033,70,-mtrdbzm
221052,815,tnbbvhlj
23705,740,kumpd
81909,599,tnbbvhlj
7780,239,uhejx-nxxxdxx-
111445,310,uhejx-nxxxdxx-
227781,538,kumpd
145767,57,orxkdypzsr
201965,86,lkdlqnr
36093,966,tnbbvhlj
153826,35,jysorbkbhpesaqufo
154655,789,-mtrdbzm
201274,972,qsavgvxoenog
117296,619,kumpd
296227,922,qsavgvxoenog
188653,612,lkdlqnr
175610,458,qsavgvxoenog
114369,704,orxkdypzsr
137860,121,lkdlqnr
118885,375,qsavgvxoenog
237299,94,tnbbvhlj
69882,664,orxkdypzsr
35676,195,liglxfhhoqshodsv
61636,577,uhejx-nxxxdxx-
168328,860,orxkdypzsr
134686,341,orxkdypzsr
237397,206,-hsl-gtep
261759,338,liglxfhhoqshodsv
282188,195,-hsl-gtep
201283,173,tnbbvhlj
291206,536,orxkdypzsr
275425,21,-mtrdbzm
214738,883,orxkdypzsr
5945,506,kumpd
290754,202,orxkdypzsr
262093,319,-mtrdbzm
159041,356,orxkdypzsr
106965,714,lkdlqnr
186676,570,lkdlqnr
39029,761,orxkdypzsr
230900,591,-hsl-gtep
128444,395,orxkdypzsr
60241,162,liglxfhhoqshodsv
63841,749,-mtrdbzm
235583,36,uhejx-nxxxdxx-
159563,367,tnbbvhlj
115691,589,-hsl-gtep
242206,145,qsavgvxoenog
249359,322,jysorbkbhpesaqufo
172190,173,jysorbkbhpesaqufo
196567,708,lkdlqnr
78019,57,kumpd
135046,57,uhejx-nxxxdxx-
179560,204,qsavgvxoenog
31887,185,kumpd
206005,161,liglxfhhoqshodsv
289489,383,-mtrdbzm
105790,698,qsavgvxoenog
223520,284,-mtrdbzm
260711,204,uhejx-nxxxdxx-
197487,698,liglxfhhoqshodsv
284220,779,liglxfhhoqshodsv
265411,389,tnbbvhlj
247961,421,-hsl-gtep
260076,364,orxkdypzsr
205302,140,-mtrdbzm
13559,88,qsavgvxoenog
189928,591,tnbbvhlj
15120,361,-hsl-gtep
210530,70,jysorbkbhpesaqufo
114954,445,uhejx-nxxxdxx-
183069,928,-mtrdbzm
182583,186,liglxfhhoqshodsv
294526,791,kumpd
67439,217,orxkdypzsr
9241,318,tnbbvhlj
245248,636,qsavgvxoenog
87720,417,kumpd
288329,873,uhejx-nxxxdxx-
218921,234,lkdlqnr
207435,449,lkdlqnr
224142,211,qsavgvxoenog
66948,295,uhejx-nxxxdxx-
80946,46,qsavgvxoenog
210721,573,lkdlqnr
292299,576,-hsl-gtep
152940,912,liglxfhhoqshodsv
28087,511,liglxfhhoqshodsv
12107,685,-hsl-gtep
296321,927,tnbbvhlj
35613,519,jysorbkbhpesaqufo
67880,358,liglxfhhoqshodsv
170327,915,qsavgvxoenog
247546,34,-hsl-gtep
168515,15,orxkdypzsr
242468,433,jysorbkbhpesaqufo
160824,496,-mtrdbzm
238180,37,qsavgvxoenog
36118,998,tnbbvhlj
222316,732,qsavgvxoenog
234184,301,uhejx-nxxxdxx-
31423,498,uhejx-nxxxdxx-
184270,244,jysorbkbhpesaqufo
121720,881,lkdlqnr
172923,199,-mtrdbzm
187474,675,jysorbkbhpesaqufo
265419,833,qsavgvxoenog
220567,530,lkdlqnr
122527,718,orxkdypzsr
69912,941,kumpd
95736,753,tnbbvhlj
52385,852,qsavgvxoenog
135092,794,jysorbkbhpesaqufo
219623,188,liglxfhhoqshodsv
23906,902,orxkdypzsr
162969,98,-mtrdbzm
274103,635,jysorbkbhpesaqufo
108224,819,orxkdypzsr
150015,811,qsavgvxoenog
76105,133,uhejx-nxxxdxx-
47572,249,jysorbkbhpesaqufo
174007,750,-hsl-gtep
130735,245,tnbbvhlj
278518,574,-hsl-gtep
260881,860,-mtrdbzm
194642,298,jysorbkbhpesaqufo
192960,856,jysorbkbhpesaqufo
265379,68,-mtrdbzm
270554,925,kumpd
8584,385,qsavgvxoenog
256913,500,-mtrdbzm
118336,601,kumpd
286970,774,liglxfhhoqshodsv
109852,95,qsavgvxoenog
33943,889,tnbbvhlj
43654,663,-hsl-gtep
162615,30,orxkdypzsr
11703,764,jysorbkbhpesaqufo
93656,127,-mtrdbzm
141076,476,kumpd
243292,340,orxkdypzsr
7920,751,liglxfhhoqshodsv
192613,102,qsavgvxoenog
122488,7,kumpd
277072,223,uhejx-nxxxdxx-
21515,181,-hsl-gtep
270604,727,-mtrdbzm
22024,111,kumpd
178416,377,lkdlqnr
41384,94,orxkdypzsr
122724,189,jysorbkbhpesaqufo
38858,243,-hsl-gtep
291352,1,jysorbkbhpesaqufo
195187,114,-mtrdbzm
76702,99,uhejx-nxxxdxx-
169449,699,kumpd
192872,968,qsavgvxoenog
285470,253,tnbbvhlj
147440,930,uhejx-nxxxdxx-
78418,953,orxkdypzsr
260797,727,-mtrdbzm
55196,226,jysorbkbhpesaqufo
128667,65,-hsl-gtep
147301,562,uhejx-nxxxdxx-
147946,876,qsavgvxoenog
256953,45,qsavgvxoenog
210752,401,jysorbkbhpesaqufo
243616,636,lkdlqnr
2899,918,kumpd
195574,306,qsavgvxoenog
111797,148,-hsl-gtep
43960,850,-hsl-gtep
60534,783,tnbbvhlj
221692,881,jysorbkbhpesaqufo
142486,340,lkdlqnr
182942,110,qsavgvxoenog
10949,106,jysorbkbhpesaqufo
117328,505,jysorbkbhpesaqufo
284313,7,lkdlqnr
293892,251,kumpd
209907,455,kumpd
130347,278,-mtrdbzm
219380,555,qsavgvxoenog
90103,418,jysorbkbhpesaqufo
227262,287,qsavgvxoenog
82383,599,-hsl-gtep
219475,25,liglxfhhoqshodsv
287015,749,-hsl-gtep
101552,547,tnbbvhlj
36600,305,-mtrdbzm
213525,495,-mtrdbzm
16354,439,qsavgvxoenog
133869,581,orxkdypzsr
18089,453,qsavgvxoenog
255502,409,kumpd
54268,874,uhejx-nxxxdxx-
176275,114,lkdlqnr
204088,773,kumpd
25663,301,tnbbvhlj
110122,351,uhejx-nxxxdxx-
55624,261,lkdlqnr
127342,943,lkdlqnr
12288,7,tnbbvhlj
170886,626,uhejx-nxxxdxx-
233368,324,-hsl-gtep
20019,441,orxkdypzsr
162595,549,kumpd
112582,216,tnbbvhlj
267385,50,-hsl-gtep
210678,95,-mtrdbzm
60269,110,tnbbvhlj
204301,738,liglxfhhoqshodsv
102291,407,liglxfhhoqshodsv
177505,535,uhejx-nxxxdxx-
170680,840,-mtrdbzm
106015,397,tnbbvhlj
284694,994,kumpd
162599,326,jysorbkbhpesaqufo
105527,893,uhejx-nxxxdxx-
171352,170,uhejx-nxxxdxx-
201145,60,orxkdypzsr
125769,894,qsavgvxoenog
146969,303,lkdlqnr
78196,674,qsavgvxoenog
265106,484,liglxfhhoqshodsv
288934,403,-hsl-gtep
243147,591,jysorbkbhpesaqufo
192598,843,tnbbvhlj
198284,645,qsavgvxoenog
67551,481,orxkdypzsr
84139,181,uhejx-nxxxdxx-
252532,575,orxkdypzsr
287886,218,kumpd
72941,877,lkdlqnr
99647,621,-hsl-gtep
155688,826,tnbbvhlj
155261,875,-hsl-gtep
57045,642,-mtrdbzm
46109,278,-hsl-gtep
258289,259,kumpd
19063,395,-mtrdbzm
202527,594,lkdlqnr
77345,435,lkdlqnr
19016,942,jysorbkbhpesaqufo
195025,943,-hsl-gtep
249848,53,orxkdypzsr
101017,139,-mtrdbzm
168795,835,jysorbkbhpesaqufo
128461,941,qsavgvxoenog
93547,287,lkdlqnr
259658,824,uhejx-nxxxdxx-
125123,104,-hsl-gtep
265232,140,jysorbkbhpesaqufo
163429,587,orxkdypzsr
27520,650,jysorbkbhpesaqufo
166322,197,qsavgvxoenog
31097,309,tnbbvhlj
218302,595,lkdlqnr
246182,403,orxkdypzsr
111767,620,-hsl-gtep
227382,563,liglxfhhoqshodsv
148184,992,liglxfhhoqshodsv
29992,718,-mtrdbzm
219049,252,-mtrdbzm
185483,801,liglxfhhoqshodsv
149443,686,jysorbkbhpesaqufo
162702,601,tnbbvhlj
129058,820,tnbbvhlj
88611,317,kumpd
75637,258,tnbbvhlj
113362,428,-hsl-gtep
62089,989,uhejx-nxxxdxx-
54194,411,liglxfhhoqshodsv
148275,635,qsavgvxoenog
95860,166,-mtrdbzm
168735,869,jysorbkbhpesaqufo
91365,385,lkdlqnr
165943,497,orxkdypzsr
158553,509,-mtrdbzm
234240,440,liglxfhhoqshodsv
119514,507,liglxfhhoqshodsv
234222,140,tnbbvhlj
6895,293,tnbbvhlj
66280,136,liglxfhhoqshodsv
16534,669,-mtrdbzm
196786,405,orxkdypzsr
109119,468,-hsl-gtep
266593,834,liglxfhhoqshodsv
43959,594,kumpd
191659,681,liglxfhhoqshodsv
24334,416,liglxfhhoqshodsv
288595,88,tnbbvhlj
169182,252,tnbbvhlj
97076,911,orxkdypzsr
115703,754,tnbbvhlj
277051,934,kumpd
121336,713,uhejx-nxxxdxx-
55846,577,qsavgvxoenog
138466,754,-mtrdbzm
245830,913,tnbbvhlj
213517,586,qsavgvxoenog
92804,910,kumpd
195525,235,kumpd
75413,513,jysorbkbhpesaqufo
143189,891,lkdlqnr
295438,561,tnbbvhlj
21784,733,lkdlqnr
235276,993,lkdlqnr
222822,713,orxkdypzsr
154846,781,qsavgvxoenog
96229,254,-hsl-gtep
257716,392,-hsl-gtep
36295,234,jysorbkbhpesaqufo
151571,737,tnbbvhlj
187013,562,-mtrdbzm
17361,105,uhejx-nxxxdxx-
71121,957,-hsl-gtep
193932,310,-hsl-gtep
167665,590,liglxfhhoqshodsv
170145,508,-mtrdbzm
220696,323,kumpd
226004,385,uhejx-nxxxdxx-
255027,580,-hsl-gtep
225279,159,orxkdypzsr
278002,130,kumpd
287706,199,orxkdypzsr
42688,663,liglxfhhoqshodsv
76024,936,orxkdypzsr
287046,531,uhejx-nxxxdxx-
152347,309,lkdlqnr
124567,550,-mtrdbzm
185737,658,jysorbkbhpesaqufo
283117,713,jysorbkbhpesaqufo
49867,422,jysorbkbhpesaqufo
95436,511,qsavgvxoenog
108131,601,qsavgvxoenog
200351,748,-hsl-gtep
76103,263,liglxfhhoqshodsv
16979,320,kumpd
221077,574,orxkdypzsr
248059,496,liglxfhhoqshodsv
100082,146,lkdlqnr
113993,4,orxkdypzsr
199995,914,qsavgvxoenog
271847,230,qsavgvxoenog
58523,615,tnbbvhlj
274980,526,liglxfhhoqshodsv
180119,10,liglxfhhoqshodsv
33253,584,liglxfhhoqshodsv
124719,706,uhejx-nxxxdxx-
76884,433,kumpd
41447,28,jysorbkbhpesaqufo
247766,339,liglxfhhoqshodsv
193527,615,kumpd
9751,645,kumpd
90499,78,-hsl-gtep
40005,457,kumpd
94971,291,uhejx-nxxxdxx-
251844,927,lkdlqnr
54349,348,liglxfhhoqshodsv
57183,607,-mtrdbzm
87068,66,kumpd
262893,528,-hsl-gtep
231597,86,jysorbkbhpesaqufo
99689,21,tnbbvhlj
121904,318,qsavgvxoenog
85297,183,liglxfhhoqshodsv
271674,6,jysorbkbhpesaqufo
36623,421,lkdlqnr
68125,288,kumpd
194457,710,jysorbkbhpesaqufo
223427,505,uhejx-nxxxdxx-
208899,283,qsavgvxoenog
73059,874,-hsl-gtep
62873,151,-hsl-gtep
220753,517,jysorbkbhpesaqufo
258124,319,lkdlqnr
228223,235,jysorbkbhpesaqufo
162674,506,uhejx-nxxxdxx-
232799,46,qsavgvxoenog
198749,790,kumpd
15680,918,liglxfhhoqshodsv
298265,802,jysorbkbhpesaqufo
128717,337,-hsl-gtep
158565,327,-hsl-gtep
53135,806,uhejx-nxxxdxx-
32278,743,orxkdypzsr
45550,6,tnbbvhlj
192895,35,orxkdypzsr
267974,40,tnbbvhlj
238321,922,uhejx-nxxxdxx-
88501,535,uhejx-nxxxdxx-
111905,770,kumpd
171814,8,jysorbkbhpesaqufo
33264,148,jysorbkbhpesaqufo
81630,1,tnbbvhlj
227471,632,lkdlqnr
282111,171,jysorbkbhpesaqufo
183086,500,jysorbkbhpesaqufo
218593,908,qsavgvxoenog
135506,257,liglxfhhoqshodsv
108047,857,orxkdypzsr
29989,598,-hsl-gtep
58667,636,tnbbvhlj
5174,229,lkdlqnr
196842,153,-hsl-gtep
63663,199,-hsl-gtep
64039,90,uhejx-nxxxdxx-
2067,192,lkdlqnr
240044,297,liglxfhhoqshodsv
19545,135,liglxfhhoqshodsv
284316,128,jysorbkbhpesaqufo
138947,894,-mtrdbzm
57474,411,jysorbkbhpesaqufo
134320,594,uhejx-nxxxdxx-
100831,552,uhejx-nxxxdxx-
291022,417,kumpd
44112,912,orxkdypzsr
26973,748,qsavgvxoenog
44231,890,qsavgvxoenog
105916,694,-hsl-gtep
276619,838,liglxfhhoqshodsv
36273,846,kumpd
251494,591,-hsl-gtep
136861,86,uhejx-nxxxdxx-
7516,799,jysorbkbhpesaqufo
287784,7,-mtrdbzm
283930,824,liglxfhhoqshodsv
56203,208,-mtrdbzm
277614,354,qsavgvxoenog
52665,898,kumpd
214213,956,orxkdypzsr
67964,451,tnbbvhlj
181624,102,uhejx-nxxxdxx-
147809,709,lkdlqnr
200904,62,-mtrdbzm
266634,159,uhejx-nxxxdxx-
13614,850,lkdlqnr
90709,991,-mtrdbzm
154856,166,lkdlqnr
103360,179,tnbbvhlj
288458,425,tnbbvhlj
100831,878,uhejx-nxxxdxx-
46823,340,liglxfhhoqshodsv
123091,435,kumpd
265204,600,-mtrdbzm
227612,893,qsavgvxoenog
23664,706,-mtrdbzm
101909,991,jysorbkbhpesaqufo
182523,845,-mtrdbzm
165738,250,lkdlqnr
195524,295,uhejx-nxxxdxx-
156385,832,tnbbvhlj
269440,971,tnbbvhlj
24438,976,-hsl-gtep
279353,480,orxkdypzsr
262882,158,uhejx-nxxxdxx-
152231,571,-hsl-gtep
185056,721,qsavgvxoenog
293536,915,-mtrdbzm
187840,608,uhejx-nxxxdxx-
240241,122,liglxfhhoqshodsv
6264,522,jysorbkbhpesaqufo
208899,972,liglxfhhoqshodsv
59946,128,kumpd
271394,789,jysorbkbhpesaqufo
176233,866,qsavgvxoenog
112236,652,uhejx-nxxxdxx-
106813,156,-mtrdbzm
41230,205,-hsl-gtep
245575,575,kumpd
156818,430,uhejx-nxxxdxx-
89925,921,jysorbkbhpesaqufo
140307,699,qsavgvxoenog
62897,249,lkdlqnr
259687,620,kumpd
194597,287,-hsl-gtep
78456,566,lkdlqnr
228646,677,-hsl-gtep
80429,610,jysorbkbhpesaqufo
37737,855,orxkdypzsr
330,993,uhejx-nxxxdxx-
221253,585,-hsl-gtep
210406,546,-mtrdbzm
147492,614,kumpd
275769,133,jysorbkbhpesaqufo
265876,93,-mtrdbzm
24572,229,kumpd
41484,430,jysorbkbhpesaqufo
118983,875,liglxfhhoqshodsv
172083,868,liglxfhhoqshodsv
260843,822,lkdlqnr
57294,80,liglxfhhoqshodsv
190144,606,uhejx-nxxxdxx-
57180,597,jysorbkbhpesaqufo
16889,239,tnbbvhlj
100834,431,uhejx-nxxxdxx-
221704,195,tnbbvhlj
250884,21,-mtrdbzm
66876,406,jysorbkbhpesaqufo
48108,629,tnbbvhlj
270699,393,jysorbkbhpesaqufo
112149,968,qsavgvxoenog
277796,400,qsavgvxoenog
124903,168,lkdlqnr
169343,213,qsavgvxoenog
186285,339,orxkdypzsr
20509,323,-mtrdbzm
72318,433,lkdlqnr
226961,536,orxkdypzsr
217129,110,tnbbvhlj
93208,987,-hsl-gtep
251440,908,-mtrdbzm
76003,120,tnbbvhlj
108583,701,qsavgvxoenog
5975,550,-mtrdbzm
222293,755,qsavgvxoenog
193848,483,kumpd
172099,279,uhejx-nxxxdxx-
230501,657,orxkdypzsr
151515,100,qsavgvxoenog
187826,18,lkdlqnr
270295,836,qsavgvxoenog
133865,233,-hsl-gtep
261303,825,lkdlqnr
16107,727,jysorbkbhpesaqufo
174014,163,liglxfhhoqshodsv
275292,948,tnbbvhlj
2544,997,jysorbkbhpesaqufo
230545,826,-hsl-gtep
2785,780,orxkdypzsr
5549,195,jysorbkbhpesaqufo
173735,53,tnbbvhlj
275197,73,lkdlqnr
231895,649,qsavgvxoenog
74428,151,qsavgvxoenog
211808,354,liglxfhhoqshodsv
281601,169,jysorbkbhpesaqufo
272877,586,jysorbkbhpesaqufo
267014,408,-hsl-gtep
206155,369,kumpd
183217,351,jysorbkbhpesaqufo
31561,790,liglxfhhoqshodsv
157917,827,orxkdypzsr
274965,25,jysorbkbhpesaqufo
10319,239,-hsl-gtep
197512,631,orxkdypzsr
296382,838,tnbbvhlj
109362,295,-mtrdbzm
201243,163,lkdlqnr
155045,329,orxkdypzsr
110765,189,-mtrdbzm
248368,80,tnbbvhlj
198806,324,jysorbkbhpesaqufo
171393,628,jysorbkbhpesaqufo
290769,408,qsavgvxoenog
60842,88,qsavgvxoenog
255706,778,liglxfhhoqshodsv
211823,392,-mtrdbzm
173542,727,tnbbvhlj
239828,476,-hsl-gtep
74626,673,kumpd
248160,641,qsavgvxoenog
169683,576,-hsl-gtep
26303,651,kumpd
65556,187,kumpd
202942,872,tnbbvhlj
173579,528,qsavgvxoenog
68228,177,orxkdypzsr
76348,337,jysorbkbhpesaqufo
245676,763,jysorbkbhpesaqufo
269381,378,lkdlqnr
155385,294,-mtrdbzm
147144,437,orxkdypzsr
207387,826,kumpd
62520,664,qsavgvxoenog
29682,883,uhejx-nxxxdxx-
144137,883,uhejx-nxxxdxx-
101216,764,lkdlqnr
254341,515,uhejx-nxxxdxx-
267017,586,-hsl-gtep
195325,474,orxkdypzsr
226469,416,orxkdypzsr
47228,133,kumpd
89039,107,lkdlqnr
245376,731,-hsl-gtep
17820,395,uhejx-nxxxdxx-
286702,421,qsavgvxoenog
84718,298,qsavgvxoenog
209399,902,lkdlqnr
91041,366,uhejx-nxxxdxx-
238366,558,kumpd
71509,582,tnbbvhlj
1411,668,tnbbvhlj
115622,431,liglxfhhoqshodsv
130624,836,-hsl-gtep
139447,343,kumpd
282901,192,jysorbkbhpesaqufo
105240,743,-hsl-gtep
173364,565,tnbbvhlj
261404,638,-hsl-gtep
298856,84,uhejx-nxxxdxx-
152039,553,-hsl-gtep
175742,150,jysorbkbhpesaqufo
270497,198,liglxfhhoqshodsv
184344,153,orxkdypzsr
29999,560,kumpd
269996,938,uhejx-nxxxdxx-
101868,495,orxkdypzsr
141599,728,-hsl-gtep
183694,243,jysorbkbhpesaqufo
151400,842,kumpd
147189,81,qsavgvxoenog
197057,38,kumpd
218819,895,uhejx-nxxxdxx-
116217,425,jysorbkbhpesaqufo
240079,653,uhejx-nxxxdxx-
100475,452,qsavgvxoenog
106161,32,qsavgvxoenog
132272,29,jysorbkbhpesaqufo
244220,625,-mtrdbzm
118234,907,qsavgvxoenog
260965,821,orxkdypzsr
119656,949,liglxfhhoqshodsv
116319,761,qsavgvxoenog
17341,606,qsavgvxoenog
154630,589,-hsl-gtep
246921,921,liglxfhhoqshodsv
176398,512,kumpd
37298,470,tnbbvhlj
152235,964,-mtrdbzm
128721,234,tnbbvhlj
147015,842,orxkdypzsr
118429,223,tnbbvhlj
193542,752,lkdlqnr
73643,67,qsavgvxoenog
245590,499,tnbbvhlj
92337,41,kumpd
219364,880,tnbbvhlj
184635,121,-mtrdbzm
212527,640,lkdlqnr
140096,190,kumpd
190787,820,tnbbvhlj
254012,86,qsavgvxoenog
76255,713,-hsl-gtep
93116,217,-mtrdbzm
45020,524,liglxfhhoqshodsv
38146,992,qsavgvxoenog
280466,205,orxkdypzsr
171313,597,-hsl-gtep
255357,469,-mtrdbzm
245907,241,-hsl-gtep
140511,301,lkdlqnr
182511,701,-hsl-gtep
183939,317,tnbbvhlj
56358,155,-hsl-gtep
299584,558,kumpd
8939,786,jysorbkbhpesaqufo
7550,913,kumpd
48460,41,tnbbvhlj
89657,634,lkdlqnr
149081,848,-mtrdbzm
157869,240,jysorbkbhpesaqufo
3651,994,lkdlqnr
28896,617,uhejx-nxxxdxx-
138119,951,uhejx-nxxxdxx-
247071,677,qsavgvxoenog
297767,953,tnbbvhlj
115347,805,kumpd
237417,681,tnbbvhlj
224655,606,liglxfhhoqshodsv
47499,893,jysorbkbhpesaqufo
157804,418,orxkdypzsr
31238,764,kumpd
219346,917,-hsl-gtep
211506,415,-hsl-gtep
206280,737,lkdlqnr
234246,741,-hsl-gtep
262950,380,jysorbkbhpesaqufo
87526,801,orxkdypzsr
76769,618,kumpd
51045,317,uhejx-nxxxdxx-
233108,967,-mtrdbzm
113457,874,orxkdypzsr
216127,999,tnbbvhlj
250783,443,kumpd
297103,859,lkdlqnr
61079,186,lkdlqnr
276841,259,lkdlqnr
296934,642,qsavgvxoenog
261926,985,jysorbkbhpesaqufo
157823,526,-hsl-gtep
186563,214,lkdlqnr
275173,151,uhejx-nxxxdxx-
243007,486,uhejx-nxxxdxx-
173799,890,-hsl-gtep
116982,284,qsavgvxoenog
146154,13,liglxfhhoqshodsv
222558,846,orxkdypzsr
267987,256,liglxfhhoqshodsv
1417,176,tnbbvhlj
123007,506,lkdlqnr
297031,258,-hsl-gtep
68243,230,liglxfhhoqshodsv
293094,647,lkdlqnr
116078,609,uhejx-nxxxdxx-
16931,671,tnbbvhlj
17047,474,tnbbvhlj
226304,669,liglxfhhoqshodsv
42751,669,uhejx-nxxxdxx-
28546,897,-mtrdbzm
32006,45,liglxfhhoqshodsv
208561,261,-hsl-gtep
93794,442,orxkdypzsr
36904,404,jysorbkbhpesaqufo
6282,297,orxkdypzsr
190515,609,-mtrdbzm
146027,811,uhejx-nxxxdxx-
51949,156,orxkdypzsr
113400,491,liglxfhhoqshodsv
127867,402,liglxfhhoqshodsv
105072,387,orxkdypzsr
70151,898,lkdlqnr
137326,433,-mtrdbzm
226695,780,kumpd
225323,371,kumpd
24496,545,-mtrdbzm
177528,948,liglxfhhoqshodsv
258487,441,jysorbkbhpesaqufo
220875,266,jysorbkbhpesaqufo
243152,903,qsavgvxoenog
149457,345,uhejx-nxxxdxx-
251939,82,qsavgvxoenog
141854,266,orxkdypzsr
210627,621,lkdlqnr
132442,491,uhejx-nxxxdxx-
191216,32,kumpd
84169,66,liglxfhhoqshodsv
98153,562,kumpd
147506,390,liglxfhhoqshodsv
166466,496,tnbbvhlj
158187,464,uhejx-nxxxdxx-
76088,333,qsavgvxoenog
1836,313,kumpd
20482,156,kumpd
11047,409,kumpd
135962,114,uhejx-nxxxdxx-
283527,976,qsavgvxoenog
111943,70,tnbbvhlj
114956,293,uhejx-nxxxdxx-
90378,1,orxkdypzsr
132480,948,lkdlqnr
19331,127,uhejx-nxxxdxx-
171639,335,jysorbkbhpesaqufo
204706,337,kumpd
110947,559,-mtrdbzm
269425,988,jysorbkbhpesaqufo
187555,344,tnbbvhlj
177806,948,tnbbvhlj
124309,869,orxkdypzsr
95526,438,tnbbvhlj
233000,356,jysorbkbhpesaqufo
56550,41,jysorbkbhpesaqufo
290831,383,uhejx-nxxxdxx-
51525,879,-hsl-gtep
200423,21,-hsl-gtep
290592,992,qsavgvxoenog
235462,975,lkdlqnr
202653,535,-hsl-gtep
38752,237,-hsl-gtep
217477,697,lkdlqnr
145670,793,qsavgvxoenog
98221,450,uhejx-nxxxdxx-
72543,503,-hsl-gtep
201043,246,-mtrdbzm
5797,802,tnbbvhlj
212186,228,jysorbkbhpesaqufo
37258,334,jysorbkbhpesaqufo
175573,683,qsavgvxoenog
234136,612,-hsl-gtep
36669,995,liglxfhhoqshodsv
190554,747,lkdlqnr
265846,340,qsavgvxoenog
175305,854,kumpd
6333,595,tnbbvhlj
220625,130,tnbbvhlj
74562,680,uhejx-nxxxdxx-
272070,236,-mtrdbzm
10454,834,lkdlqnr
40823,225,liglxfhhoqshodsv
283643,920,-mtrdbzm
89028,812,lkdlqnr
81355,405,-mtrdbzm
81457,967,uhejx-nxxxdxx-
100559,736,kumpd
122475,882,-mtrdbzm
290883,11,qsavgvxoenog
41566,657,-hsl-gtep
117796,723,tnbbvhlj
258541,445,jysorbkbhpesaqufo
119831,890,kumpd
295326,391,uhejx-nxxxdxx-
140725,290,jysorbkbhpesaqufo
259983,709,jysorbkbhpesaqufo
229069,442,qsavgvxoenog
129605,631,orxkdypzsr
260200,650,jysorbkbhpesaqufo
21392,60,-mtrdbzm
150671,351,kumpd
31153,639,orxkdypzsr
239481,324,tnbbvhlj
258072,289,liglxfhhoqshodsv
287451,30,orxkdypzsr
168531,299,-hsl-gtep
55092,574,kumpd
36644,376,uhejx-nxxxdxx-
149334,336,tnbbvhlj
191380,713,orxkdypzsr
58443,622,-hsl-gtep
254121,557,-hsl-gtep
221256,638,liglxfhhoqshodsv
218069,916,lkdlqnr
60147,162,kumpd
54004,809,tnbbvhlj
298130,328,-hsl-gtep
253064,39,liglxfhhoqshodsv
161561,529,jysorbkbhpesaqufo
7161,350,jysorbkbhpesaqufo
184120,813,qsavgvxoenog
70957,872,uhejx-nxxxdxx-
16997,591,kumpd
181250,436,-hsl-gtep
12055,192,kumpd
268923,778,jysorbkbhpesaqufo
166541,212,lkdlqnr
89976,917,uhejx-nxxxdxx-
195555,183,qsavgvxoenog
42215,836,uhejx-nxxxdxx-
25213,395,orxkdypzsr
223862,92,tnbbvhlj
36325,766,orxkdypzsr
160360,693,tnbbvhlj
134205,173,jysorbkbhpesaqufo
172768,220,orxkdypzsr
106533,826,orxkdypzsr
213331,677,tnbbvhlj
57675,679,qsavgvxoenog
132268,2,liglxfhhoqshodsv
253412,615,tnbbvhlj
3240,772,liglxfhhoqshodsv
173045,218,kumpd
277641,475,uhejx-nxxxdxx-
193563,67,kumpd
40439,837,jysorbkbhpesaqufo
219734,80,kumpd
256340,883,tnbbvhlj
149382,396,jysorbkbhpesaqufo
222823,881,orxkdypzsr
191304,317,lkdlqnr
118991,58,liglxfhhoqshodsv
8934,216,-hsl-gtep
248727,894,-mtrdbzm
116466,543,jysorbkbhpesaqufo
123036,58,tnbbvhlj
51856,206,uhejx-nxxxdxx-
173784,751,kumpd
182688,716,qsavgvxoenog
214437,269,kumpd
74385,29,-mtrdbzm
67419,657,tnbbvhlj
139703,127,qsavgvxoenog
88998,290,jysorbkbhpesaqufo
189451,412,kumpd
152250,844,liglxfhhoqshodsv
199480,170,liglxfhhoqshodsv
92097,756,lkdlqnr
117426,517,-hsl-gtep
165626,129,-mtrdbzm
933,119,tnbbvhlj
102970,916,-hsl-gtep
209711,163,uhejx-nxxxdxx-
152606,583,uhejx-nxxxdxx-
120767,5,-mtrdbzm
151642,166,lkdlqnr
244827,842,tnbbvhlj
256042,881,kumpd
18371,807,orxkdypzsr
216560,587,tnbbvhlj
92230,284,kumpd
214050,483,uhejx-nxxxdxx-
16347,115,orxkdypzsr
194829,930,orxkdypzsr
2774,621,lkdlqnr
255950,445,lkdlqnr
234298,452,-mtrdbzm
230241,549,qsavgvxoenog
64754,756,-mtrdbzm
267976,657,orxkdypzsr
295961,448,uhejx-nxxxdxx-
43304,422,kumpd
64324,811,lkdlqnr
67664,62,orxkdypzsr
19725,729,liglxfhhoqshodsv
113903,728,-mtrdbzm
137698,528,jysorbkbhpesaqufo
192440,511,liglxfhhoqshodsv
294999,950,uhejx-nxxxdxx-
118315,376,lkdlqnr
95404,780,liglxfhhoqshodsv
276369,91,tnbbvhlj
146920,594,liglxfhhoqshodsv
214311,285,qsavgvxoenog
219758,267,-hsl-gtep
16740,332,uhejx-nxxxdxx-
182362,337,tnbbvhlj
20288,732,uhejx-nxxxdxx-
18154,940,liglxfhhoqshodsv
284856,618,tnbbvhlj
133713,933,-hsl-gtep
117314,789,liglxfhhoqshodsv
222007,342,uhejx-nxxxdxx-
53959,369,lkdlqnr
101433,986,uhejx-nxxxdxx-
238614,982,kumpd
156136,595,orxkdypzsr
134498,628,tnbbvhlj
192144,57,-hsl-gtep
84339,120,qsavgvxoenog
124469,510,lkdlqnr
273079,601,lkdlqnr
290033,179,uhejx-nxxxdxx-
42988,598,kumpd
58642,823,uhejx-nxxxdxx-
260083,538,-mtrdbzm
12586,962,-mtrdbzm
69400,862,liglxfhhoqshodsv
224368,82,orxkdypzsr
60373,885,qsavgvxoenog
287330,676,liglxfhhoqshodsv
65270,215,-mtrdbzm
242861,808,lkdlqnr
242988,367,-mtrdbzm
39223,263,-hsl-gtep
164797,525,liglxfhhoqshodsv
13488,227,qsavgvxoenog
93806,622,kumpd
16680,350,tnbbvhlj
173455,435,jysorbkbhpesaqufo
255706,680,kumpd
226577,933,uhejx-nxxxdxx-
188636,938,qsavgvxoenog
147690,36,-mtrdbzm
150534,935,liglxfhhoqshodsv
28160,260,-mtrdbzm
252072,57,-mtrdbzm
101308,248,liglxfhhoqshodsv
183502,928,jysorbkbhpesaqufo
134619,480,tnbbvhlj
148531,614,liglxfhhoqshodsv
41366,529,liglxfhhoqshodsv
139204,218,lkdlqnr
180425,93,tnbbvhlj
270064,35,-hsl-gtep
161837,467,liglxfhhoqshodsv
241198,194,lkdlqnr
191112,212,qsavgvxoenog
177512,763,-hsl-gtep
236960,429,liglxfhhoqshodsv
197151,102,liglxfhhoqshodsv
47676,794,-hsl-gtep
146702,498,kumpd
69582,482,liglxfhhoqshodsv
197884,451,-hsl-gtep
197111,614,kumpd
226695,725,uhejx-nxxxdxx-
23857,829,lkdlqnr
44699,796,kumpd
158901,975,jysorbkbhpesaqufo
215130,14,uhejx-nxxxdxx-
242353,765,kumpd
78500,699,orxkdypzsr
118701,30,qsavgvxoenog
174691,626,tnbbvhlj
22896,888,qsavgvxoenog
13645,283,qsavgvxoenog
19004,217,-hsl-gtep
92034,927,-hsl-gtep
94880,281,qsavgvxoenog
110550,182,liglxfhhoqshodsv
89157,736,jysorbkbhpesaqufo
293230,898,jysorbkbhpesaqufo
70051,757,uhejx-nxxxdxx-
7731,823,lkdlqnr
168323,348,lkdlqnr
234220,594,-mtrdbzm
23091,870,orxkdypzsr
121042,34,orxkdypzsr
272521,864,-hsl-gtep
251920,330,orxkdypzsr
3236,192,qsavgvxoenog
120166,630,kumpd
278732,686,qsavgvxoenog
298814,364,liglxfhhoqshodsv
166738,210,jysorbkbhpesaqufo
270366,701,jysorbkbhpesaqufo
262390,366,orxkdypzsr
102207,252,tnbbvhlj
30131,925,lkdlqnr
297678,97,tnbbvhlj
185521,311,lkdlqnr
84408,17,orxkdypzsr
220654,817,uhejx-nxxxdxx-
178018,812,-hsl-gtep
30535,581,qsavgvxoenog
69934,235,-hsl-gtep
88469,717,kumpd
63698,111,liglxfhhoqshodsv
187920,684,qsavgvxoenog
232722,388,orxkdypzsr
282718,459,lkdlqnr
185427,140,uhejx-nxxxdxx-
274200,170,-mtrdbzm
89781,599,kumpd
208683,865,tnbbvhlj
250882,515,liglxfhhoqshodsv
19805,980,orxkdypzsr
159423,901,jysorbkbhpesaqufo
83796,353,lkdlqnr
64307,290,-mtrdbzm
114844,567,qsavgvxoenog
247315,824,jysorbkbhpesaqufo
182354,381,qsavgvxoenog
271798,869,kumpd
262341,880,kumpd
258178,238,lkdlqnr
293958,645,jysorbkbhpesaqufo
57062,997,-mtrdbzm
128142,70,-hsl-gtep
226227,266,tnbbvhlj
14592,598,-hsl-gtep
2949,183,liglxfhhoqshodsv
112988,891,tnbbvhlj
188957,392,jysorbkbhpesaqufo
138562,156,orxkdypzsr
202900,922,orxkdypzsr
235441,241,-hsl-gtep
153013,166,liglxfhhoqshodsv
249498,756,uhejx-nxxxdxx-
209025,507,-hsl-gtep
162505,152,-mtrdbzm
251741,500,tnbbvhlj
77975,290,-mtrdbzm
246512,812,qsavgvxoenog
15199,186,kumpd
194640,576,tnbbvhlj
155022,423,tnbbvhlj
81433,835,tnbbvhlj
225918,227,jysorbkbhpesaqufo
184633,987,-mtrdbzm
272234,276,qsavgvxoenog
158642,17,lkdlqnr
49579,689,orxkdypzsr
235967,995,qsavgvxoenog
246647,137,-mtrdbzm
110042,164,jysorbkbhpesaqufo
168845,933,kumpd
1300,403,lkdlqnr
35734,793,orxkdypzsr
29301,381,-hsl-gtep
11344,874,lkdlqnr
13943,563,jysorbkbhpesaqufo
186512,777,tnbbvhlj
33369,799,lkdlqnr
253501,824,jysorbkbhpesaqufo
216139,303,uhejx-nxxxdxx-
258385,22,qsavgvxoenog
186065,486,lkdlqnr
154879,496,liglxfhhoqshodsv
192798,541,liglxfhhoqshodsv
109524,25,-mtrdbzm
144123,961,-hsl-gtep
282114,719,kumpd
145463,525,-hsl-gtep
170679,64,-hsl-gtep
216206,653,-hsl-gtep
105124,592,qsavgvxoenog
158239,830,-mtrdbzm
278411,327,-mtrdbzm
102570,197,-mtrdbzm
211122,519,liglxfhhoqshodsv
83771,488,uhejx-nxxxdxx-
240728,608,lkdlqnr
90383,942,-mtrdbzm
282031,121,orxkdypzsr
26859,886,liglxfhhoqshodsv
120674,697,qsavgvxoenog
130817,696,uhejx-nxxxdxx-
142033,338,liglxfhhoqshodsv
162163,370,jysorbkbhpesaqufo
18527,78,lkdlqnr
164964,149,-hsl-gtep
265639,54,kumpd
135977,870,jysorbkbhpesaqufo
165361,561,kumpd
150449,700,jysorbkbhpesaqufo
167959,631,lkdlqnr
64323,555,jysorbkbhpesaqufo
61968,124,-hsl-gtep
56931,202,tnbbvhlj
153268,722,-hsl-gtep
114011,287,qsavgvxoenog
218480,434,liglxfhhoqshodsv
216401,418,qsavgvxoenog
133818,776,jysorbkbhpesaqufo
292070,229,jysorbkbhpesaqufo
54365,336,qsavgvxoenog
240530,676,liglxfhhoqshodsv
252632,435,-hsl-gtep
138233,509,qsavgvxoenog
208179,352,tnbbvhlj
27794,698,kumpd
197543,327,kumpd
141361,446,-hsl-gtep
220771,934,qsavgvxoenog
178366,276,uhejx-nxxxdxx-
37729,82,lkdlqnr
199763,633,-hsl-gtep
151930,659,kumpd
127454,952,-hsl-gtep
168895,193,liglxfhhoqshodsv
270337,8,qsavgvxoenog
140368,544,orxkdypzsr
70888,181,-hsl-gtep
168868,727,liglxfhhoqshodsv
299345,726,uhejx-nxxxdxx-
256333,755,qsavgvxoenog
279695,745,uhejx-nxxxdxx-
22010,686,jysorbkbhpesaqufo
152834,996,tnbbvhlj
156164,819,kumpd
196111,673,jysorbkbhpesaqufo
215523,859,uhejx-nxxxdxx-
112449,982,liglxfhhoqshodsv
3659,54,jysorbkbhpesaqufo
23762,995,jysorbkbhpesaqufo
86019,828,-hsl-gtep
241511,399,orxkdypzsr
82134,318,uhejx-nxxxdxx-
193399,518,uhejx-nxxxdxx-
91097,183,tnbbvhlj
261895,63,uhejx-nxxxdxx-
45034,422,liglxfhhoqshodsv
59631,651,jysorbkbhpesaqufo
12825,349,-mtrdbzm
193579,286,-hsl-gtep
245542,996,liglxfhhoqshodsv
82283,11,lkdlqnr
102941,217,-mtrdbzm
61999,154,kumpd
285858,779,kumpd
192109,623,tnbbvhlj
217247,220,tnbbvhlj
254336,744,uhejx-nxxxdxx-
113729,581,orxkdypzsr
23642,106,uhejx-nxxxdxx-
41573,982,lkdlqnr
249744,845,kumpd
206635,100,tnbbvhlj
62133,90,jysorbkbhpesaqufo
230501,686,orxkdypzsr
8609,700,liglxfhhoqshodsv
212774,319,qsavgvxoenog
208861,695,-hsl-gtep
57050,34,qsavgvxoenog
19991,805,liglxfhhoqshodsv
64675,121,kumpd
24718,775,-hsl-gtep
206089,933,orxkdypzsr
175291,784,uhejx-nxxxdxx-
165748,143,liglxfhhoqshodsv
161123,664,qsavgvxoenog
134511,527,-hsl-gtep
90076,168,uhejx-nxxxdxx-
188165,79,lkdlqnr
239057,623,qsavgvxoenog
38081,38,uhejx-nxxxdxx-
202850,604,-mtrdbzm
212073,601,lkdlqnr
2216,10,tnbbvhlj
127960,290,uhejx-nxxxdxx-
128030,333,lkdlqnr
139409,354,-mtrdbzm
255714,891,kumpd
8475,154,uhejx-nxxxdxx-
136669,682,uhejx-nxxxdxx-
181330,545,orxkdypzsr
122801,795,qsavgvxoenog
28833,911,lkdlqnr
287852,999,tnbbvhlj
12964,257,uhejx-nxxxdxx-
175347,808,kumpd
278880,252,liglxfhhoqshodsv
25730,191,jysorbkbhpesaqufo
265470,316,-mtrdbzm
38262,28,tnbbvhlj
1712,591,kumpd
205060,262,uhejx-nxxxdxx-
298377,57,-mtrdbzm
75219,624,orxkdypzsr
282494,947,qsavgvxoenog
269737,658,jysorbkbhpesaqufo
159587,158,orxkdypzsr
199218,678,orxkdypzsr
263233,927,jysorbkbhpesaqufo
144455,780,qsavgvxoenog
79813,294,tnbbvhlj
36024,518,liglxfhhoqshodsv
270636,433,kumpd
201414,481,-hsl-gtep
144833,537,tnbbvhlj
12826,340,orxkdypzsr
285459,71,uhejx-nxxxdxx-
108060,615,orxkdypzsr
196764,128,-mtrdbzm
196606,345,-mtrdbzm
107037,448,lkdlqnr
127575,939,liglxfhhoqshodsv
236812,110,tnbbvhlj
189239,16,jysorbkbhpesaqufo
57575,982,-mtrdbzm
51889,378,-mtrdbzm
59276,622,tnbbvhlj
256238,701,jysorbkbhpesaqufo
209233,123,uhejx-nxxxdxx-
202704,566,uhejx-nxxxdxx-
36376,943,jysorbkbhpesaqufo
26926,475,lkdlqnr
61623,673,qsavgvxoenog
11218,345,tnbbvhlj
38960,771,jysorbkbhpesaqufo
268402,433,qsavgvxoenog
129487,471,kumpd
162575,361,tnbbvhlj
60953,380,kumpd
210612,952,uhejx-nxxxdxx-
241250,245,liglxfhhoqshodsv
23563,447,liglxfhhoqshodsv
109136,33,-mtrdbzm
271323,717,tnbbvhlj
265411,891,-hsl-gtep
18943,101,-hsl-gtep
16255,799,jysorbkbhpesaqufo
153557,950,jysorbkbhpesaqufo
169913,600,qsavgvxoenog
197421,609,uhejx-nxxxdxx-
131856,497,lkdlqnr
283712,5,orxkdypzsr
270505,107,lkdlqnr
5,598,liglxfhhoqshodsv
260519,666,kumpd
65463,926,qsavgvxoenog
86245,616,lkdlqnr
86571,965,orxkdypzsr
123568,154,lkdlqnr
158019,997,-hsl-gtep
163690,460,uhejx-nxxxdxx-
125111,32,jysorbkbhpesaqufo
233221,51,-hsl-gtep
251388,562,tnbbvhlj
155529,592,lkdlqnr
32144,245,jysorbkbhpesaqufo
119699,476,uhejx-nxxxdxx-
287950,385,tnbbvhlj
236792,733,kumpd
161420,406,orxkdypzsr
162595,134,liglxfhhoqshodsv
282881,825,liglxfhhoqshodsv
84596,323,-mtrdbzm
159368,673,-mtrdbzm
257824,710,-hsl-gtep
173763,28,lkdlqnr
40180,28,-mtrdbzm
125739,100,uhejx-nxxxdxx-
190303,476,uhejx-nxxxdxx-
279034,416,-mtrdbzm
266961,564,lkdlqnr
111200,545,-mtrdbzm
37670,298,kumpd
71011,448,uhejx-nxxxdxx-
267391,407,-mtrdbzm
177181,757,uhejx-nxxxdxx-
242144,444,orxkdypzsr
57129,427,orxkdypzsr
239283,365,uhejx-nxxxdxx-
172750,379,-hsl-gtep
67461,377,kumpd
157481,469,jysorbkbhpesaqufo
25543,614,tnbbvhlj
268814,949,uhejx-nxxxdxx-
49260,617,uhejx-nxxxdxx-
84713,55,liglxfhhoqshodsv
252165,132,liglxfhhoqshodsv
93813,507,-hsl-gtep
231464,49,jysorbkbhpesaqufo
41091,222,-hsl-gtep
48033,793,qsavgvxoenog
283933,17,-hsl-gtep
270934,472,tnbbvhlj
278961,989,-mtrdbzm
259169,691,-mtrdbzm
116459,869,-hsl-gtep
95694,386,uhejx-nxxxdxx-
158180,409,uhejx-nxxxdxx-
54221,935,jysorbkbhpesaqufo
96083,48,lkdlqnr
259813,625,orxkdypzsr
68228,25,-hsl-gtep
285770,846,-mtrdbzm
10781,176,-mtrdbzm
15832,621,uhejx-nxxxdxx-
272281,838,qsavgvxoenog
48129,680,-hsl-gtep
2247,960,-hsl-gtep
102143,943,uhejx-nxxxdxx-
79494,21,liglxfhhoqshodsv
22827,117,kumpd
119070,509,tnbbvhlj
161732,723,-mtrdbzm
208145,526,tnbbvhlj
157475,874,jysorbkbhpesaqufo
159153,393,tnbbvhlj
50821,259,-hsl-gtep
96054,158,orxkdypzsr
257582,656,-hsl-gtep
9603,378,jysorbkbhpesaqufo
30505,393,lkdlqnr
232887,720,qsavgvxoenog
251740,388,tnbbvhlj
161740,287,jysorbkbhpesaqufo
69783,681,qsavgvxoenog
25327,337,-hsl-gtep
200365,421,tnbbvhlj
221025,485,-mtrdbzm
2681,686,qsavgvxoenog
260242,98,qsavgvxoenog
230796,173,orxkdypzsr
273916,831,orxkdypzsr
96291,534,-mtrdbzm
230610,959,lkdlqnr
1985,577,jysorbkbhpesaqufo
154366,421,-mtrdbzm
112265,682,liglxfhhoqshodsv
253984,311,qsavgvxoenog
212930,951,-hsl-gtep
209298,320,liglxfhhoqshodsv
149876,514,jysorbkbhpesaqufo
218466,579,-mtrdbzm
188424,618,tnbbvhlj
250361,556,qsavgvxoenog
214904,78,tnbbvhlj
65686,88,kumpd
258241,575,kumpd
144423,546,liglxfhhoqshodsv
90388,954,qsavgvxoenog
77540,321,lkdlqnr
68836,906,uhejx-nxxxdxx-
9644,351,uhejx-nxxxdxx-
286179,868,-mtrdbzm
2612,732,lkdlqnr
246300,640,lkdlqnr
142388,779,-mtrdbzm
21806,623,jysorbkbhpesaqufo
287827,823,jysorbkbhpesaqufo
115707,124,lkdlqnr
46420,778,-mtrdbzm
202529,105,uhejx-nxxxdxx-
52404,241,kumpd
279077,155,qsavgvxoenog
283119,146,kumpd
76259,399,-mtrdbzm
156163,768,qsavgvxoenog
156977,809,kumpd
165148,753,lkdlqnr
162600,606,uhejx-nxxxdxx-
76810,107,orxkdypzsr
67979,745,liglxfhhoqshodsv
177816,581,-hsl-gtep
82437,740,liglxfhhoqshodsv
23035,191,-hsl-gtep
235255,757,lkdlqnr
271858,800,kumpd
219362,529,qsavgvxoenog
45220,911,uhejx-nxxxdxx-
236690,402,-hsl-gtep
30985,823,liglxfhhoqshodsv
286270,453,uhejx-nxxxdxx-
53034,685,jysorbkbhpesaqufo
171205,673,uhejx-nxxxdxx-
190305,848,uhejx-nxxxdxx-
73739,693,tnbbvhlj
4095,991,kumpd
244952,77,jysorbkbhpesaqufo
195111,833,lkdlqnr
163090,699,lkdlqnr
43246,385,lkdlqnr
152159,243,liglxfhhoqshodsv
261602,45,tnbbvhlj
133277,110,kumpd
286894,808,tnbbvhlj
206907,591,orxkdypzsr
183547,394,-mtrdbzm
242681,643,-hsl-gtep
175028,857,jysorbkbhpesaqufo
117028,499,kumpd
15367,209,jysorbkbhpesaqufo
43515,337,-mtrdbzm
53321,725,-mtrdbzm
109973,995,liglxfhhoqshodsv
66294,430,tnbbvhlj
24395,62,tnbbvhlj
248523,716,qsavgvxoenog
199047,658,qsavgvxoenog
7473,593,qsavgvxoenog
13568,188,uhejx-nxxxdxx-
41753,862,-hsl-gtep
294077,53,jysorbkbhpesaqufo
61365,374,kumpd
9795,215,-hsl-gtep
267719,29,-mtrdbzm
113194,703,uhejx-nxxxdxx-
136946,830,lkdlqnr
247110,938,qsavgvxoenog
262643,39,uhejx-nxxxdxx-
79110,167,jysorbkbhpesaqufo
87149,540,uhejx-nxxxdxx-
188227,806,-mtrdbzm
175778,766,-mtrdbzm
254528,980,-hsl-gtep
253411,397,tnbbvhlj
157783,88,qsavgvxoenog
147048,848,lkdlqnr
34701,756,-hsl-gtep
106828,593,orxkdypzsr
152541,423,lkdlqnr
162393,266,jysorbkbhpesaqufo
17404,194,uhejx-nxxxdxx-
77005,614,kumpd
167665,109,-mtrdbzm
116207,814,uhejx-nxxxdxx-
55273,78,-hsl-gtep
134290,947,uhejx-nxxxdxx-
184427,205,uhejx-nxxxdxx-
22814,634,jysorbkbhpesaqufo
39390,23,jysorbkbhpesaqufo
191940,480,lkdlqnr
286046,156,liglxfhhoqshodsv
289535,712,tnbbvhlj
272427,735,-hsl-gtep
112084,823,qsavgvxoenog
218032,885,jysorbkbhpesaqufo
298322,246,qsavgvxoenog
192797,847,uhejx-nxxxdxx-
278774,574,tnbbvhlj
172267,717,orxkdypzsr
131438,295,jysorbkbhpesaqufo
188847,499,kumpd
157013,718,liglxfhhoqshodsv
13845,158,liglxfhhoqshodsv
260535,21,orxkdypzsr
169016,429,qsavgvxoenog
176910,36,lkdlqnr
80409,203,kumpd
81198,609,-mtrdbzm
133655,709,liglxfhhoqshodsv
204139,944,jysorbkbhpesaqufo
70362,114,tnbbvhlj
259270,182,orxkdypzsr
162608,46,uhejx-nxxxdxx-
210064,160,liglxfhhoqshodsv
26199,81,-mtrdbzm
279908,46,-mtrdbzm
198466,416,orxkdypzsr
130310,804,liglxfhhoqshodsv
245652,873,-mtrdbzm
55524,272,tnbbvhlj
255619,37,liglxfhhoqshodsv
110506,51,tnbbvhlj
5032,96,orxkdypzsr
66660,20,lkdlqnr
191063,530,jysorbkbhpesaqufo
108441,810,kumpd
15529,166,liglxfhhoqshodsv
98139,433,kumpd
33802,608,-mtrdbzm
88112,521,tnbbvhlj
173532,968,liglxfhhoqshodsv
135166,328,qsavgvxoenog
150936,89,-mtrdbzm
61062,595,uhejx-nxxxdxx-
103006,612,jysorbkbhpesaqufo
229677,240,jysorbkbhpesaqufo
207694,328,tnbbvhlj
278603,375,tnbbvhlj
109589,485,-mtrdbzm
106519,842,qsavgvxoenog
127900,511,jysorbkbhpesaqufo
265342,682,liglxfhhoqshodsv
194577,644,lkdlqnr
31729,368,qsavgvxoenog
241195,688,tnbbvhlj
36600,33,kumpd
83655,256,-mtrdbzm
177944,952,qsavgvxoenog
219673,230,orxkdypzsr
221177,648,qsavgvxoenog
224278,723,-mtrdbzm
240642,937,lkdlqnr
138901,497,orxkdypzsr
113745,823,-mtrdbzm
95923,740,lkdlqnr
252875,623,uhejx-nxxxdxx-
31408,988,uhejx-nxxxdxx-
246601,627,uhejx-nxxxdxx-
80977,617,kumpd
137472,784,liglxfhhoqshodsv
61248,870,uhejx-nxxxdxx-
4282,963,uhejx-nxxxdxx-
88240,519,jysorbkbhpesaqufo
269100,672,qsavgvxoenog
168196,532,orxkdypzsr
213193,201,jysorbkbhpesaqufo
281578,785,-hsl-gtep
139245,539,kumpd
171882,480,liglxfhhoqshodsv
206219,295,-hsl-gtep
204100,683,tnbbvhlj
57429,823,tnbbvhlj
9885,875,jysorbkbhpesaqufo
245495,273,uhejx-nxxxdxx-
270270,731,jysorbkbhpesaqufo
10604,875,-hsl-gtep
156911,43,qsavgvxoenog
30262,122,orxkdypzsr
96525,537,-hsl-gtep
153752,917,jysorbkbhpesaqufo
164325,857,tnbbvhlj
87756,947,orxkdypzsr
250117,167,qsavgvxoenog
7106,110,qsavgvxoenog
236769,54,uhejx-nxxxdxx-
179437,898,tnbbvhlj
224464,17,kumpd
52720,304,-mtrdbzm
50209,133,-mtrdbzm
53313,166,tnbbvhlj
290448,872,liglxfhhoqshodsv
124837,710,jysorbkbhpesaqufo
229542,764,lkdlqnr
223839,547,-hsl-gtep
250611,116,-hsl-gtep
297135,538,-hsl-gtep
155480,722,-hsl-gtep
293283,906,lkdlqnr
6037,339,lkdlqnr
179985,165,-hsl-gtep
162492,796,jysorbkbhpesaqufo
134332,514,kumpd
69041,446,uhejx-nxxxdxx-
28456,134,qsavgvxoenog
265500,692,kumpd
132244,951,lkdlqnr
228898,459,uhejx-nxxxdxx-
181152,123,liglxfhhoqshodsv
268268,293,qsavgvxoenog
183124,234,uhejx-nxxxdxx-
131129,637,-mtrdbzm
267862,466,uhejx-nxxxdxx-
209933,476,lkdlqnr
96606,345,orxkdypzsr
133224,471,kumpd
87101,796,orxkdypzsr
121070,306,jysorbkbhpesaqufo
287924,357,liglxfhhoqshodsv
135717,550,jysorbkbhpesaqufo
295333,429,-hsl-gtep
281010,914,orxkdypzsr
56181,685,uhejx-nxxxdxx-
20375,295,-mtrdbzm
177623,976,qsavgvxoenog
2443,832,liglxfhhoqshodsv
87336,133,qsavgvxoenog
126265,702,lkdlqnr
159694,846,kumpd
250398,632,tnbbvhlj
61569,394,liglxfhhoqshodsv
21505,453,kumpd
169306,955,-mtrdbzm
109010,708,jysorbkbhpesaqufo
267340,763,-hsl-gtep
230021,611,jysorbkbhpesaqufo
231247,146,tnbbvhlj
130635,120,lkdlqnr
36621,244,lkdlqnr
295712,327,orxkdypzsr
119383,740,liglxfhhoqshodsv
3579,532,tnbbvhlj
22994,396,jysorbkbhpesaqufo
164526,163,-hsl-gtep
180187,3,orxkdypzsr
262543,878,liglxfhhoqshodsv
157801,944,kumpd
62591,805,jysorbkbhpesaqufo
8640,672,-mtrdbzm
189003,728,orxkdypzsr
89278,831,-mtrdbzm
163887,338,orxkdypzsr
137903,838,-mtrdbzm
200795,280,kumpd
35957,77,kumpd
87883,923,jysorbkbhpesaqufo
44753,47,-hsl-gtep
111257,153,lkdlqnr
159604,695,uhejx-nxxxdxx-
115035,645,liglxfhhoqshodsv
194647,251,tnbbvhlj
18162,31,kumpd
207458,298,-mtrdbzm
273214,869,kumpd
106973,832,tnbbvhlj
145146,219,-mtrdbzm
257206,76,-mtrdbzm
125708,320,tnbbvhlj
57848,682,jysorbkbhpesaqufo
211501,769,kumpd
229666,618,jysorbkbhpesaqufo
157589,172,liglxfhhoqshodsv
278197,444,qsavgvxoenog
280403,497,tnbbvhlj
213574,437,tnbbvhlj
200412,50,kumpd
289221,31,-hsl-gtep
79374,971,-mtrdbzm
235162,995,-mtrdbzm
23509,453,uhejx-nxxxdxx-
39556,558,-mtrdbzm
19485,915,orxkdypzsr
232884,982,uhejx-nxxxdxx-
288351,366,qsavgvxoenog
65300,227,kumpd
195999,267,liglxfhhoqshodsv
210448,434,orxkdypzsr
191588,80,-hsl-gtep
187956,756,kumpd
207712,701,lkdlqnr
182275,193,liglxfhhoqshodsv
267440,374,uhejx-nxxxdxx-
58677,867,orxkdypzsr
283567,517,jysorbkbhpesaqufo
211655,413,tnbbvhlj
48395,80,lkdlqnr
55916,384,qsavgvxoenog
96592,413,kumpd
47345,838,kumpd
19834,106,qsavgvxoenog
261110,452,orxkdypzsr
248875,985,orxkdypzsr
211248,633,kumpd
289827,645,tnbbvhlj
237746,261,orxkdypzsr
47677,116,liglxfhhoqshodsv
246830,340,-hsl-gtep
286967,87,uhejx-nxxxdxx-
60556,876,tnbbvhlj
84843,87,qsavgvxoenog
220634,714,uhejx-nxxxdxx-
53743,429,qsavgvxoenog
79894,213,uhejx-nxxxdxx-
79886,462,tnbbvhlj
25238,752,-mtrdbzm
147519,768,tnbbvhlj
135770,214,-hsl-gtep
73674,1,-mtrdbzm
158537,419,-mtrdbzm
245125,715,jysorbkbhpesaqufo
94617,45,lkdlqnr
103000,846,kumpd
286622,986,jysorbkbhpesaqufo
59234,163,qsavgvxoenog
112152,974,qsavgvxoenog
24728,458,kumpd
261176,30,kumpd
123219,259,-hsl-gtep
156384,60,kumpd
110846,365,kumpd
73415,94,-mtrdbzm
141478,143,jysorbkbhpesaqufo
24485,484,-mtrdbzm
221030,454,qsavgvxoenog
219012,73,jysorbkbhpesaqufo
117903,438,uhejx-nxxxdxx-
272774,358,jysorbkbhpesaqufo
189482,555,tnbbvhlj
75852,460,-mtrdbzm
51908,496,qsavgvxoenog
103935,547,kumpd
253096,666,qsavgvxoenog
16921,507,liglxfhhoqshodsv
211650,415,-mtrdbzm
24130,92,liglxfhhoqshodsv
46221,136,kumpd
244477,157,orxkdypzsr
117213,669,jysorbkbhpesaqufo
267788,103,lkdlqnr
158160,403,qsavgvxoenog
156610,781,uhejx-nxxxdxx-
77029,214,-hsl-gtep
64390,309,lkdlqnr
268370,546,lkdlqnr
232855,842,-mtrdbzm
290332,852,qsavgvxoenog
217235,306,orxkdypzsr
19943,912,lkdlqnr
180874,214,lkdlqnr
113395,675,qsavgvxoenog
87897,31,qsavgvxoenog
238154,696,liglxfhhoqshodsv
1289,252,liglxfhhoqshodsv
260910,827,jysorbkbhpesaqufo
270604,967,orxkdypzsr
35284,813,kumpd
133166,282,liglxfhhoqshodsv
71877,597,lkdlqnr
254461,967,-hsl-gtep
250158,128,orxkdypzsr
267581,770,kumpd
122205,43,-mtrdbzm
3093,872,qsavgvxoenog
151226,428,orxkdypzsr
245641,478,liglxfhhoqshodsv
174917,863,jysorbkbhpesaqufo
45463,102,kumpd
212110,841,lkdlqnr
290469,37,orxkdypzsr
287596,219,-hsl-gtep
66972,736,-mtrdbzm
47608,952,lkdlqnr
38153,799,orxkdypzsr
189348,773,-mtrdbzm
34098,917,-mtrdbzm
53196,816,liglxfhhoqshodsv
223522,51,-mtrdbzm
92593,805,orxkdypzsr
219854,188,liglxfhhoqshodsv
151463,606,uhejx-nxxxdxx-
62347,834,jysorbkbhpesaqufo
242727,710,uhejx-nxxxdxx-
226476,603,lkdlqnr
40235,690,uhejx-nxxxdxx-
167028,627,-mtrdbzm
93544,758,tnbbvhlj
161715,297,uhejx-nxxxdxx-
161603,106,lkdlqnr
53417,655,qsavgvxoenog
131959,491,jysorbkbhpesaqufo
181100,822,-hsl-gtep
43266,16,-mtrdbzm
159603,209,uhejx-nxxxdxx-
215594,374,liglxfhhoqshodsv
292838,210,-hsl-gtep
127181,943,liglxfhhoqshodsv
280375,976,jysorbkbhpesaqufo
156464,972,jysorbkbhpesaqufo
229535,409,kumpd
157814,586,qsavgvxoenog
58331,724,orxkdypzsr
233323,324,orxkdypzsr
59616,177,orxkdypzsr
90282,384,kumpd
239341,248,tnbbvhlj
281318,387,liglxfhhoqshodsv
216036,210,tnbbvhlj
83341,176,tnbbvhlj
179224,75,orxkdypzsr
256673,669,tnbbvhlj
248996,574,-mtrdbzm
243711,161,-mtrdbzm
124827,736,-mtrdbzm
118520,284,lkdlqnr
153639,48,qsavgvxoenog
214114,321,kumpd
86140,860,qsavgvxoenog
209461,192,uhejx-nxxxdxx-
46291,378,orxkdypzsr
214368,956,lkdlqnr
111013,414,uhejx-nxxxdxx-
56909,49,tnbbvhlj
290816,869,liglxfhhoqshodsv
262314,154,orxkdypzsr
236465,955,-hsl-gtep
25540,201,uhejx-nxxxdxx-
225105,745,lkdlqnr
113907,468,kumpd
275374,175,-mtrdbzm
39800,168,jysorbkbhpesaqufo
69540,811,uhejx-nxxxdxx-
12341,205,liglxfhhoqshodsv
44480,968,liglxfhhoqshodsv
39095,622,-mtrdbzm
48476,773,jysorbkbhpesaqufo
88944,740,tnbbvhlj
283888,508,lkdlqnr
239920,860,orxkdypzsr
10687,862,kumpd
121056,732,orxkdypzsr
152236,446,qsavgvxoenog
266793,109,-hsl-gtep
2503,491,-hsl-gtep
170858,168,-hsl-gtep
134880,685,tnbbvhlj
104580,270,uhejx-nxxxdxx-
195432,695,-mtrdbzm
108428,309,kumpd
281518,200,-mtrdbzm
146913,193,lkdlqnr
135264,557,tnbbvhlj
289883,985,kumpd
159835,986,-hsl-gtep
118493,712,kumpd
273733,374,qsavgvxoenog
147574,595,uhejx-nxxxdxx-
66376,314,tnbbvhlj
59830,294,qsavgvxoenog
31101,469,orxkdypzsr
69257,360,uhejx-nxxxdxx-
206755,592,lkdlqnr
17598,92,tnbbvhlj
41307,57,tnbbvhlj
93828,62,kumpd
167078,401,-mtrdbzm
70513,69,liglxfhhoqshodsv
219966,86,qsavgvxoenog
38324,569,jysorbkbhpesaqufo
180827,110,-mtrdbzm
221249,947,lkdlqnr
168594,783,orxkdypzsr
60078,991,-mtrdbzm
238611,647,tnbbvhlj
162826,559,-mtrdbzm
40516,381,liglxfhhoqshodsv
32341,524,jysorbkbhpesaqufo
238608,378,-mtrdbzm
117147,456,lkdlqnr
191116,292,orxkdypzsr
270253,317,jysorbkbhpesaqufo
273390,374,-hsl-gtep
144400,772,tnbbvhlj
42015,943,liglxfhhoqshodsv
214102,72,kumpd
134495,404,qsavgvxoenog
267108,214,-hsl-gtep
97501,862,liglxfhhoqshodsv
80148,783,-mtrdbzm
2360,161,qsavgvxoenog
144311,507,kumpd
268692,392,qsavgvxoenog
266024,245,liglxfhhoqshodsv
169703,548,kumpd
6012,977,-hsl-gtep
108642,822,liglxfhhoqshodsv
108323,177,kumpd
217473,432,-hsl-gtep
47530,59,liglxfhhoqshodsv
28203,807,qsavgvxoenog
90822,549,lkdlqnr
109282,521,liglxfhhoqshodsv
31864,990,liglxfhhoqshodsv
195597,326,uhejx-nxxxdxx-
144878,31,kumpd
21448,709,-hsl-gtep
294857,376,qsavgvxoenog
166226,229,jysorbkbhpesaqufo
201054,906,orxkdypzsr
123189,572,uhejx-nxxxdxx-
264031,619,kumpd
41553,307,kumpd
88863,166,orxkdypzsr
56733,845,lkdlqnr
240383,194,orxkdypzsr
219547,733,-hsl-gtep
114676,121,jysorbkbhpesaqufo
23065,92,tnbbvhlj
246218,34,orxkdypzsr
12913,767,jysorbkbhpesaqufo
172239,555,liglxfhhoqshodsv
79627,334,liglxfhhoqshodsv
190096,10,kumpd
205400,85,liglxfhhoqshodsv
142137,329,uhejx-nxxxdxx-
127917,359,jysorbkbhpesaqufo
155270,659,liglxfhhoqshodsv
200424,810,liglxfhhoqshodsv
134576,374,uhejx-nxxxdxx-
74738,473,qsavgvxoenog
238883,349,kumpd
150041,341,-hsl-gtep
59843,615,orxkdypzsr
229683,494,qsavgvxoenog
9055,433,-mtrdbzm
88608,441,tnbbvhlj
184269,104,liglxfhhoqshodsv
228419,663,lkdlqnr
272422,460,kumpd
28512,947,-hsl-gtep
106332,275,tnbbvhlj
127342,917,orxkdypzsr
181019,664,tnbbvhlj
156728,866,jysorbkbhpesaqufo
147911,508,orxkdypzsr
110794,587,kumpd
263843,877,kumpd
274572,695,qsavgvxoenog
19672,667,-mtrdbzm
224718,711,-hsl-gtep
114447,668,-mtrdbzm
232645,115,liglxfhhoqshodsv
114233,638,orxkdypzsr
37026,367,-hsl-gtep
216500,253,-mtrdbzm
270342,424,tnbbvhlj
118071,50,uhejx-nxxxdxx-
208910,574,qsavgvxoenog
2785,428,tnbbvhlj
233746,93,-mtrdbzm
48780,210,-mtrdbzm
2291,827,orxkdypzsr
190316,916,jysorbkbhpesaqufo
291739,796,liglxfhhoqshodsv
50836,296,qsavgvxoenog
271749,621,-hsl-gtep
242638,588,lkdlqnr
86946,251,tnbbvhlj
30997,69,lkdlqnr
264443,325,qsavgvxoenog
87556,407,-hsl-gtep
51567,299,tnbbvhlj
108208,424,orxkdypzsr
46227,643,jysorbkbhpesaqufo
177962,983,liglxfhhoqshodsv
28582,283,liglxfhhoqshodsv
121824,356,tnbbvhlj
209289,671,qsavgvxoenog
176129,768,tnbbvhlj
227424,673,lkdlqnr
166721,862,orxkdypzsr
138230,511,qsavgvxoenog
84720,819,kumpd
37704,806,lkdlqnr
231142,253,kumpd
46064,591,tnbbvhlj
279243,633,orxkdypzsr
186807,647,lkdlqnr
257498,399,jysorbkbhpesaqufo
25011,449,jysorbkbhpesaqufo
69157,452,-hsl-gtep
15891,867,-mtrdbzm
257397,837,jysorbkbhpesaqufo
94417,388,orxkdypzsr
189545,185,jysorbkbhpesaqufo
95769,517,lkdlqnr
173138,725,-mtrdbzm
251391,436,uhejx-nxxxdxx-
10105,31,lkdlqnr
161441,519,-mtrdbzm
115772,404,kumpd
154211,30,uhejx-nxxxdxx-
1821,88,-mtrdbzm
197934,431,orxkdypzsr
182967,709,orxkdypzsr
196251,164,uhejx-nxxxdxx-
21990,127,-hsl-gtep
41991,943,qsavgvxoenog
134797,858,tnbbvhlj
183133,427,jysorbkbhpesaqufo
264583,628,jysorbkbhpesaqufo
31974,885,jysorbkbhpesaqufo
287950,375,-mtrdbzm
49657,692,lkdlqnr
277387,207,tnbbvhlj
151739,427,lkdlqnr
159825,194,orxkdypzsr
34555,376,qsavgvxoenog
278050,526,liglxfhhoqshodsv
242139,421,uhejx-nxxxdxx-
267827,149,lkdlqnr
115499,634,-mtrdbzm
186680,708,qsavgvxoenog
293326,451,jysorbkbhpesaqufo
191739,448,-hsl-gtep
11680,273,tnbbvhlj
98918,611,liglxfhhoqshodsv
233487,854,kumpd
154386,844,liglxfhhoqshodsv
47912,271,-hsl-gtep
253231,707,tnbbvhlj
38443,926,lkdlqnr
118699,351,qsavgvxoenog
159301,594,-mtrdbzm
1421,885,jysorbkbhpesaqufo
278765,250,tnbbvhlj
226476,505,-mtrdbzm
100332,100,liglxfhhoqshodsv
197050,340,liglxfhhoqshodsv
50898,352,-hsl-gtep
29440,536,-mtrdbzm
289049,86,tnbbvhlj
123534,768,-mtrdbzm
41122,852,jysorbkbhpesaqufo
215663,840,kumpd
119763,924,orxkdypzsr
244527,456,lkdlqnr
255558,80,kumpd
163568,26,lkdlqnr
253059,652,jysorbkbhpesaqufo
29770,904,qsavgvxoenog
164202,473,qsavgvxoenog
110105,475,-hsl-gtep
184564,184,kumpd
200974,64,-hsl-gtep
148781,737,jysorbkbhpesaqufo
89627,17,lkdlqnr
21551,924,orxkdypzsr
16124,47,lkdlqnr
61688,36,tnbbvhlj
276975,862,-mtrdbzm
61151,114,kumpd
68221,460,uhejx-nxxxdxx-
15448,79,orxkdypzsr
146653,670,jysorbkbhpesaqufo
161975,770,liglxfhhoqshodsv
234183,803,liglxfhhoqshodsv
110053,477,uhejx-nxxxdxx-
133676,694,jysorbkbhpesaqufo
284843,660,kumpd
117586,107,jysorbkbhpesaqufo
119250,338,uhejx-nxxxdxx-
12152,660,jysorbkbhpesaqufo
2531,920,jysorbkbhpesaqufo
65838,167,tnbbvhlj
156050,87,-mtrdbzm
102133,9,kumpd
118712,532,liglxfhhoqshodsv
58856,419,orxkdypzsr
177158,623,-hsl-gtep
94949,107,orxkdypzsr
216080,340,orxkdypzsr
194861,720,lkdlqnr
53096,648,liglxfhhoqshodsv
51864,259,-mtrdbzm
75905,576,jysorbkbhpesaqufo
46531,973,uhejx-nxxxdxx-
151517,879,qsavgvxoenog
225842,671,uhejx-nxxxdxx-
168882,703,uhejx-nxxxdxx-
226437,514,uhejx-nxxxdxx-
273481,483,liglxfhhoqshodsv
147376,145,liglxfhhoqshodsv
108524,392,kumpd
252983,304,jysorbkbhpesaqufo
43954,137,orxkdypzsr
298761,233,tnbbvhlj
133924,261,-mtrdbzm
161850,493,kumpd
50437,759,jysorbkbhpesaqufo
272349,250,-mtrdbzm
294744,353,lkdlqnr
183966,677,tnbbvhlj
108714,837,lkdlqnr
44604,368,-mtrdbzm
48347,682,orxkdypzsr
199444,874,qsavgvxoenog
100096,974,-mtrdbzm
68134,202,jysorbkbhpesaqufo
226307,582,liglxfhhoqshodsv
49884,63,jysorbkbhpesaqufo
122726,423,-mtrdbzm
68521,67,kumpd
285427,889,liglxfhhoqshodsv
280499,48,-hsl-gtep
273766,235,jysorbkbhpesaqufo
260270,256,jysorbkbhpesaqufo
59893,804,uhejx-nxxxdxx-
267423,879,liglxfhhoqshodsv
49735,964,lkdlqnr
165036,999,lkdlqnr
113854,585,-hsl-gtep
117393,472,uhejx-nxxxdxx-
269787,939,jysorbkbhpesaqufo
211211,440,uhejx-nxxxdxx-
31717,349,orxkdypzsr
139530,959,orxkdypzsr
299881,296,uhejx-nxxxdxx-
21552,850,uhejx-nxxxdxx-
87945,18,tnbbvhlj
172091,329,-hsl-gtep
291901,547,kumpd
258015,986,orxkdypzsr
54997,436,orxkdypzsr
88903,72,-hsl-gtep
162429,203,liglxfhhoqshodsv
183032,900,-hsl-gtep
56095,778,-mtrdbzm
40553,693,tnbbvhlj
254137,440,jysorbkbhpesaqufo
153421,492,-mtrdbzm
243204,272,-mtrdbzm
220086,691,qsavgvxoenog
16895,795,tnbbvhlj
47908,252,tnbbvhlj
58748,536,liglxfhhoqshodsv
213752,56,lkdlqnr
244114,765,lkdlqnr
44216,103,lkdlqnr
282074,530,qsavgvxoenog
227047,494,jysorbkbhpesaqufo
175719,138,-hsl-gtep
100517,267,-mtrdbzm
247084,354,orxkdypzsr
298344,807,tnbbvhlj
269818,549,tnbbvhlj
86578,395,liglxfhhoqshodsv
193436,622,uhejx-nxxxdxx-
4907,765,tnbbvhlj
275682,888,kumpd
51236,930,tnbbvhlj
238627,86,lkdlqnr
76884,989,orxkdypzsr
274368,277,qsavgvxoenog
65340,259,orxkdypzsr
274809,341,qsavgvxoenog
2392,466,jysorbkbhpesaqufo
16673,226,jysorbkbhpesaqufo
252440,799,jysorbkbhpesaqufo
152593,678,-mtrdbzm
3847,29,-hsl-gtep
146315,780,liglxfhhoqshodsv
205610,100,qsavgvxoenog
285033,979,orxkdypzsr
295647,907,-hsl-gtep
219304,68,kumpd
102550,357,tnbbvhlj
255695,602,qsavgvxoenog
249131,698,uhejx-nxxxdxx-
222562,652,qsavgvxoenog
50604,783,jysorbkbhpesaqufo
177546,189,qsavgvxoenog
271792,817,-hsl-gtep
206371,116,uhejx-nxxxdxx-
139174,983,orxkdypzsr
213190,790,kumpd
297598,177,-mtrdbzm
223535,934,jysorbkbhpesaqufo
68423,512,-mtrdbzm
227843,395,qsavgvxoenog
71920,707,kumpd
219488,216,-hsl-gtep
223842,54,jysorbkbhpesaqufo
228986,8,uhejx-nxxxdxx-
215862,148,kumpd
38385,441,uhejx-nxxxdxx-
68987,590,orxkdypzsr
138525,657,lkdlqnr
137696,74,-hsl-gtep
205284,295,kumpd
106147,1,jysorbkbhpesaqufo
126119,641,uhejx-nxxxdxx-
111076,915,orxkdypzsr
33936,355,uhejx-nxxxdxx-
115994,959,lkdlqnr
151999,319,qsavgvxoenog
53903,670,lkdlqnr
28551,356,liglxfhhoqshodsv
109697,90,-mtrdbzm
193901,986,-mtrdbzm
288234,563,jysorbkbhpesaqufo
233431,956,jysorbkbhpesaqufo
176003,570,liglxfhhoqshodsv
89241,916,uhejx-nxxxdxx-
59905,21,kumpd
166392,284,kumpd
68645,485,-hsl-gtep
84538,220,uhejx-nxxxdxx-
292101,290,-hsl-gtep
233285,89,jysorbkbhpesaqufo
230703,125,kumpd
57977,172,uhejx-nxxxdxx-
99717,98,lkdlqnr
116517,117,lkdlqnr
63076,378,tnbbvhlj
202924,290,jysorbkbhpesaqufo
164670,361,-hsl-gtep
219344,893,lkdlqnr
124440,382,lkdlqnr
197775,109,tnbbvhlj
164111,325,-hsl-gtep
57213,197,qsavgvxoenog
109754,912,lkdlqnr
285402,347,tnbbvhlj
53495,91,uhejx-nxxxdxx-
127458,125,liglxfhhoqshodsv
271020,674,kumpd
151650,89,lkdlqnr
92019,3,liglxfhhoqshodsv
53995,596,liglxfhhoqshodsv
289392,29,-hsl-gtep
170719,532,tnbbvhlj
266745,882,liglxfhhoqshodsv
55388,104,lkdlqnr
104692,771,jysorbkbhpesaqufo
68439,434,liglxfhhoqshodsv
197714,31,orxkdypzsr
101780,251,-mtrdbzm
52111,391,-mtrdbzm
139475,720,-mtrdbzm
244786,71,kumpd
72166,275,jysorbkbhpesaqufo
59827,435,uhejx-nxxxdxx-
177724,968,-hsl-gtep
78086,984,jysorbkbhpesaqufo
241014,662,uhejx-nxxxdxx-
130619,37,liglxfhhoqshodsv
93108,982,jysorbkbhpesaqufo
238787,782,-mtrdbzm
217023,847,orxkdypzsr
228007,992,orxkdypzsr
163274,492,jysorbkbhpesaqufo
210001,827,liglxfhhoqshodsv
196500,589,uhejx-nxxxdxx-
61038,592,liglxfhhoqshodsv
2598,191,uhejx-nxxxdxx-
223200,956,-mtrdbzm
178026,622,orxkdypzsr
205466,204,kumpd
176158,789,kumpd
56933,251,kumpd
51905,30,kumpd
281044,828,-mtrdbzm
294122,876,-mtrdbzm
1370,195,orxkdypzsr
89798,25,jysorbkbhpesaqufo
242951,611,orxkdypzsr
260717,750,uhejx-nxxxdxx-
271484,99,kumpd
4276,235,jysorbkbhpesaqufo
47408,125,kumpd
71197,980,liglxfhhoqshodsv
192976,770,kumpd
95033,172,qsavgvxoenog
296591,215,kumpd
141268,852,liglxfhhoqshodsv
232487,396,liglxfhhoqshodsv
272735,505,liglxfhhoqshodsv
81878,669,liglxfhhoqshodsv
111391,848,-mtrdbzm
260536,771,orxkdypzsr
278864,154,qsavgvxoenog
195716,922,liglxfhhoqshodsv
67222,273,liglxfhhoqshodsv
203115,41,qsavgvxoenog
207583,858,lkdlqnr
238774,593,tnbbvhlj
35775,220,tnbbvhlj
256428,4,lkdlqnr
110777,348,lkdlqnr
291312,941,orxkdypzsr
59461,947,tnbbvhlj
118463,48,-mtrdbzm
297632,590,qsavgvxoenog
244020,850,lkdlqnr
10190,865,-mtrdbzm
226957,352,tnbbvhlj
20728,569,kumpd
194758,929,uhejx-nxxxdxx-
192527,982,orxkdypzsr
288255,543,-hsl-gtep
73144,240,liglxfhhoqshodsv
255184,214,liglxfhhoqshodsv
239087,661,qsavgvxoenog
104926,214,lkdlqnr
158201,314,orxkdypzsr
292204,313,-mtrdbzm
186829,20,orxkdypzsr
297152,823,-mtrdbzm
213471,38,liglxfhhoqshodsv
21888,354,liglxfhhoqshodsv
225801,24,tnbbvhlj
210511,546,qsavgvxoenog
228254,874,liglxfhhoqshodsv
285900,581,uhejx-nxxxdxx-
256220,145,-mtrdbzm
166023,852,-mtrdbzm
183298,122,tnbbvhlj
17552,102,kumpd
42791,581,orxkdypzsr
63781,320,jysorbkbhpesaqufo
124457,913,orxkdypzsr
253596,123,tnbbvhlj
298558,122,uhejx-nxxxdxx-
254176,507,-hsl-gtep
91542,196,liglxfhhoqshodsv
81936,368,liglxfhhoqshodsv
180283,818,orxkdypzsr
243531,525,kumpd
196499,335,lkdlqnr
292026,474,kumpd
164655,758,tnbbvhlj
264080,282,qsavgvxoenog
191490,594,orxkdypzsr
52361,156,orxkdypzsr
200330,961,lkdlqnr
1859,349,-hsl-gtep
186217,395,kumpd
206191,722,orxkdypzsr
100885,941,-hsl-gtep
214811,303,orxkdypzsr
59906,952,tnbbvhlj
21136,619,tnbbvhlj
175204,383,qsavgvxoenog
281844,285,-mtrdbzm
23831,244,-mtrdbzm
285888,20,tnbbvhlj
169314,403,orxkdypzsr
180093,248,qsavgvxoenog
99601,809,lkdlqnr
55687,248,kumpd
289393,651,-mtrdbzm
98390,132,jysorbkbhpesaqufo
106539,891,orxkdypzsr
108902,781,lkdlqnr
235368,772,qsavgvxoenog
152374,32,jysorbkbhpesaqufo
7143,73,liglxfhhoqshodsv
11337,925,qsavgvxoenog
91879,910,orxkdypzsr
133319,676,tnbbvhlj
60552,918,qsavgvxoenog
138222,612,lkdlqnr
120664,45,tnbbvhlj
121373,5,uhejx-nxxxdxx-
153076,961,orxkdypzsr
38392,455,uhejx-nxxxdxx-
200763,715,orxkdypzsr
33929,716,orxkdypzsr
231098,135,tnbbvhlj
150039,418,orxkdypzsr
19007,492,liglxfhhoqshodsv
202882,212,uhejx-nxxxdxx-
42412,966,liglxfhhoqshodsv
39543,802,-hsl-gtep
258375,293,-hsl-gtep
259514,147,-hsl-gtep
283441,482,liglxfhhoqshodsv
241933,276,uhejx-nxxxdxx-
233869,630,jysorbkbhpesaqufo
193626,712,-mtrdbzm
66562,92,qsavgvxoenog
35424,711,kumpd
153965,308,-hsl-gtep
207134,743,qsavgvxoenog
135204,921,orxkdypzsr
87598,615,lkdlqnr
66621,365,kumpd
48403,462,-mtrdbzm
53947,57,jysorbkbhpesaqufo
221052,428,orxkdypzsr
45976,365,tnbbvhlj
28611,540,qsavgvxoenog
263179,53,uhejx-nxxxdxx-
191374,342,tnbbvhlj
59623,309,jysorbkbhpesaqufo
273696,551,uhejx-nxxxdxx-
59179,235,qsavgvxoenog
225358,166,uhejx-nxxxdxx-
97866,817,lkdlqnr
241219,619,orxkdypzsr
5103,350,liglxfhhoqshodsv
280143,919,lkdlqnr
222148,716,orxkdypzsr
57568,727,qsavgvxoenog
80901,478,liglxfhhoqshodsv
282719,693,kumpd
224612,904,orxkdypzsr
23889,77,uhejx-nxxxdxx-
233276,245,qsavgvxoenog
4717,400,jysorbkbhpesaqufo
190486,247,tnbbvhlj
267158,668,liglxfhhoqshodsv
61278,575,kumpd
59266,303,kumpd
103567,719,jysorbkbhpesaqufo
233115,320,orxkdypzsr
259326,271,qsavgvxoenog
268157,153,tnbbvhlj
199287,382,qsavgvxoenog
239890,246,liglxfhhoqshodsv
112194,899,uhejx-nxxxdxx-
109664,818,-mtrdbzm
73195,707,jysorbkbhpesaqufo
117507,861,-hsl-gtep
259759,705,lkdlqnr
131262,818,liglxfhhoqshodsv
15987,624,liglxfhhoqshodsv
38298,187,-mtrdbzm
277445,776,qsavgvxoenog
225926,197,orxkdypzsr
298493,30,lkdlqnr
286329,889,-hsl-gtep
280857,703,jysorbkbhpesaqufo
19768,102,jysorbkbhpesaqufo
135108,932,kumpd
116983,537,qsavgvxoenog
194280,421,-mtrdbzm
160068,778,jysorbkbhpesaqufo
110425,581,orxkdypzsr
2917,674,orxkdypzsr
26516,602,lkdlqnr
224954,397,-hsl-gtep
214597,818,lkdlqnr
27996,566,liglxfhhoqshodsv
64836,245,qsavgvxoenog
283034,519,tnbbvhlj
151575,128,uhejx-nxxxdxx-
229,300,kumpd
71316,955,-mtrdbzm
251175,273,lkdlqnr
48845,714,jysorbkbhpesaqufo
63456,343,lkdlqnr
60077,395,kumpd
76444,671,-hsl-gtep
251545,716,qsavgvxoenog
113255,483,tnbbvhlj
183336,660,tnbbvhlj
188621,812,jysorbkbhpesaqufo
131031,868,qsavgvxoenog
269299,760,jysorbkbhpesaqufo
257771,413,lkdlqnr
297138,698,-mtrdbzm
46912,855,qsavgvxoenog
284735,909,tnbbvhlj
64148,443,tnbbvhlj
202328,169,qsavgvxoenog
74201,485,qsavgvxoenog
144791,501,tnbbvhlj
191820,17,uhejx-nxxxdxx-
290704,188,jysorbkbhpesaqufo
251763,713,-mtrdbzm
77026,188,-hsl-gtep
251300,291,liglxfhhoqshodsv
297703,184,liglxfhhoqshodsv
295619,612,-hsl-gtep
241916,335,jysorbkbhpesaqufo
277309,165,-mtrdbzm
295207,9,liglxfhhoqshodsv
183711,432,uhejx-nxxxdxx-
70024,387,jysorbkbhpesaqufo
82602,345,-hsl-gtep
93084,229,uhejx-nxxxdxx-
153975,156,orxkdypzsr
32029,66,-mtrdbzm
119411,262,lkdlqnr
251058,177,orxkdypzsr
211889,210,uhejx-nxxxdxx-
60041,136,jysorbkbhpesaqufo
80824,836,-mtrdbzm
84614,465,kumpd
103945,762,tnbbvhlj
244653,209,lkdlqnr
297665,38,-mtrdbzm
192899,248,-mtrdbzm
237799,744,lkdlqnr
162442,433,qsavgvxoenog
97697,157,kumpd
142037,117,tnbbvhlj
246184,50,-hsl-gtep
142431,795,jysorbkbhpesaqufo
278875,723,orxkdypzsr
2143,612,kumpd
80908,956,liglxfhhoqshodsv
231623,166,liglxfhhoqshodsv
294084,919,-hsl-gtep
101951,975,lkdlqnr
224321,423,qsavgvxoenog
238604,705,-hsl-gtep
226966,356,jysorbkbhpesaqufo
287845,424,qsavgvxoenog
269924,203,orxkdypzsr
31373,376,liglxfhhoqshodsv
233578,401,lkdlqnr
166999,764,orxkdypzsr
60828,147,kumpd
218405,317,-mtrdbzm
126331,257,qsavgvxoenog
220774,741,tnbbvhlj
20870,391,orxkdypzsr
293075,286,kumpd
112966,442,lkdlqnr
238160,538,liglxfhhoqshodsv
274810,955,qsavgvxoenog
26911,994,jysorbkbhpesaqufo
148119,889,-mtrdbzm
217706,734,jysorbkbhpesaqufo
13756,647,qsavgvxoenog
83855,255,orxkdypzsr
157461,450,tnbbvhlj
65004,678,kumpd
203038,982,uhejx-nxxxdxx-
36212,565,jysorbkbhpesaqufo
216123,170,orxkdypzsr
121227,38,liglxfhhoqshodsv
287843,411,-hsl-gtep
39111,548,qsavgvxoenog
109351,333,-mtrdbzm
62854,938,uhejx-nxxxdxx-
166207,625,lkdlqnr
141425,37,-mtrdbzm
243588,586,uhejx-nxxxdxx-
261075,525,uhejx-nxxxdxx-
162276,730,uhejx-nxxxdxx-
190051,499,uhejx-nxxxdxx-
93067,25,tnbbvhlj
220132,11,uhejx-nxxxdxx-
257998,566,tnbbvhlj
58568,384,uhejx-nxxxdxx-
134116,39,liglxfhhoqshodsv
84872,528,-mtrdbzm
195432,666,tnbbvhlj
95012,183,liglxfhhoqshodsv
45271,432,qsavgvxoenog
48895,350,liglxfhhoqshodsv
236943,857,kumpd
229308,758,lkdlqnr
17682,591,qsavgvxoenog
259515,376,jysorbkbhpesaqufo
55026,608,kumpd
269448,484,tnbbvhlj
235724,556,uhejx-nxxxdxx-
218157,932,orxkdypzsr
249949,763,jysorbkbhpesaqufo
30222,823,kumpd
70237,484,-hsl-gtep
183882,973,kumpd
223750,21,liglxfhhoqshodsv
205298,278,jysorbkbhpesaqufo
246974,220,tnbbvhlj
140926,9,uhejx-nxxxdxx-
207532,669,tnbbvhlj
177924,244,jysorbkbhpesaqufo
85032,948,-mtrdbzm
103928,987,lkdlqnr
117577,849,orxkdypzsr
41188,728,kumpd
40908,571,orxkdypzsr
3935,531,liglxfhhoqshodsv
265165,526,tnbbvhlj
295169,527,uhejx-nxxxdxx-
177133,362,orxkdypzsr
206096,748,kumpd
137026,236,lkdlqnr
12831,952,kumpd
80905,899,jysorbkbhpesaqufo
220717,332,liglxfhhoqshodsv
242703,450,lkdlqnr
51445,647,kumpd
7813,2,qsavgvxoenog
23931,462,qsavgvxoenog
145145,540,-hsl-gtep
37381,187,-hsl-gtep
166009,683,kumpd
49719,388,-hsl-gtep
126985,556,kumpd
272851,829,orxkdypzsr
65611,120,orxkdypzsr
107500,322,liglxfhhoqshodsv
219203,468,liglxfhhoqshodsv
27835,773,orxkdypzsr
201318,941,lkdlqnr
187193,328,qsavgvxoenog
231899,207,uhejx-nxxxdxx-
169700,168,tnbbvhlj
135283,474,liglxfhhoqshodsv
283130,881,liglxfhhoqshodsv
128345,500,liglxfhhoqshodsv
86769,353,lkdlqnr
208211,348,uhejx-nxxxdxx-
298538,649,kumpd
128927,524,-mtrdbzm
168286,695,qsavgvxoenog
1313,358,tnbbvhlj
81221,451,tnbbvhlj
48227,901,kumpd
48364,607,-hsl-gtep
74863,964,-hsl-gtep
70404,596,uhejx-nxxxdxx-
211839,26,uhejx-nxxxdxx-
155966,418,jysorbkbhpesaqufo
9996,304,lkdlqnr
136987,221,kumpd
168607,929,liglxfhhoqshodsv
173259,175,-mtrdbzm
25350,804,kumpd
201140,563,-mtrdbzm
295834,669,jysorbkbhpesaqufo
257179,423,lkdlqnr
140462,247,kumpd
230191,292,-hsl-gtep
103761,472,lkdlqnr
103475,336,liglxfhhoqshodsv
267346,479,liglxfhhoqshodsv
279052,478,orxkdypzsr
193273,248,jysorbkbhpesaqufo
51683,353,jysorbkbhpesaqufo
171289,193,lkdlqnr
64463,970,qsavgvxoenog
272388,876,lkdlqnr
2839,925,-mtrdbzm
103666,23,-hsl-gtep
84614,468,jysorbkbhpesaqufo
231616,169,jysorbkbhpesaqufo
181198,569,orxkdypzsr
176067,853,tnbbvhlj
173296,16,qsavgvxoenog
263168,660,tnbbvhlj
61252,820,tnbbvhlj
116583,426,qsavgvxoenog
738,455,liglxfhhoqshodsv
19943,742,qsavgvxoenog
162429,476,uhejx-nxxxdxx-
286750,485,tnbbvhlj
188460,283,qsavgvxoenog
278900,418,lkdlqnr
189632,427,kumpd
213806,26,kumpd
250765,163,lkdlqnr
24299,542,lkdlqnr
79866,356,liglxfhhoqshodsv
265479,112,qsavgvxoenog
89627,70,kumpd
251908,621,jysorbkbhpesaqufo
239959,639,tnbbvhlj
276211,511,qsavgvxoenog
193619,156,-mtrdbzm
181673,863,-hsl-gtep
71662,174,orxkdypzsr
6132,309,lkdlqnr
150202,116,qsavgvxoenog
251196,446,lkdlqnr
58795,995,lkdlqnr
92129,783,kumpd
279268,339,kumpd
199979,9,lkdlqnr
136104,147,-mtrdbzm
12048,253,qsavgvxoenog
27279,992,kumpd
198870,137,orxkdypzsr
290917,668,qsavgvxoenog
159402,212,-mtrdbzm
151629,969,kumpd
48364,91,tnbbvhlj
163925,167,uhejx-nxxxdxx-
274789,736,-hsl-gtep
224579,73,tnbbvhlj
62006,711,lkdlqnr
194538,296,jysorbkbhpesaqufo
37755,385,tnbbvhlj
223848,431,liglxfhhoqshodsv
73526,878,uhejx-nxxxdxx-
150451,662,liglxfhhoqshodsv
176599,555,-mtrdbzm
22225,3,-hsl-gtep
101126,907,orxkdypzsr
15782,24,-mtrdbzm
86832,515,liglxfhhoqshodsv
102484,888,liglxfhhoqshodsv
100677,313,kumpd
271694,310,-hsl-gtep
57988,830,qsavgvxoenog
186027,173,orxkdypzsr
162986,186,-mtrdbzm
239519,935,tnbbvhlj
208639,560,kumpd
89024,142,tnbbvhlj
25294,947,orxkdypzsr
50595,173,liglxfhhoqshodsv
171069,251,-mtrdbzm
248991,528,kumpd
81467,125,jysorbkbhpesaqufo
123753,474,orxkdypzsr
101691,445,tnbbvhlj
241099,330,liglxfhhoqshodsv
245269,107,jysorbkbhpesaqufo
79822,728,tnbbvhlj
89471,482,kumpd
190622,41,lkdlqnr
210331,87,kumpd
50652,327,liglxfhhoqshodsv
206069,77,qsavgvxoenog
43880,571,lkdlqnr
274,363,liglxfhhoqshodsv
243263,794,kumpd
263753,692,jysorbkbhpesaqufo
285694,934,qsavgvxoenog
185123,709,orxkdypzsr
192815,471,-mtrdbzm
81456,800,liglxfhhoqshodsv
278834,910,qsavgvxoenog
133628,182,kumpd
264469,546,-mtrdbzm
88569,328,orxkdypzsr
191398,71,-hsl-gtep
114298,417,kumpd
262993,76,orxkdypzsr
12747,820,-hsl-gtep
34687,118,-hsl-gtep
96340,111,tnbbvhlj
227157,211,qsavgvxoenog
225285,337,qsavgvxoenog
185532,153,qsavgvxoenog
46039,57,liglxfhhoqshodsv
239593,432,orxkdypzsr
80191,679,jysorbkbhpesaqufo
235118,471,uhejx-nxxxdxx-
21018,915,liglxfhhoqshodsv
74085,60,jysorbkbhpesaqufo
27748,531,jysorbkbhpesaqufo
42838,681,liglxfhhoqshodsv
69873,237,jysorbkbhpesaqufo
137498,326,tnbbvhlj
246728,208,tnbbvhlj
198361,560,qsavgvxoenog
40018,773,orxkdypzsr
289228,188,tnbbvhlj
288087,544,kumpd
213508,590,orxkdypzsr
97994,747,uhejx-nxxxdxx-
134063,530,jysorbkbhpesaqufo
130180,706,uhejx-nxxxdxx-
7013,307,uhejx-nxxxdxx-
179807,432,liglxfhhoqshodsv
148805,468,-mtrdbzm
181676,622,kumpd
272781,88,tnbbvhlj
38418,225,kumpd
167657,693,-mtrdbzm
288128,114,liglxfhhoqshodsv
327,788,liglxfhhoqshodsv
86804,164,-hsl-gtep
84290,937,liglxfhhoqshodsv
77950,432,jysorbkbhpesaqufo
212215,530,qsavgvxoenog
174644,168,uhejx-nxxxdxx-
177254,815,liglxfhhoqshodsv
84034,371,orxkdypzsr
86178,144,kumpd
243173,792,qsavgvxoenog
116537,478,jysorbkbhpesaqufo
6739,893,qsavgvxoenog
49206,595,kumpd
205308,820,kumpd
156501,574,qsavgvxoenog
294350,370,-hsl-gtep
298445,886,orxkdypzsr
107130,29,kumpd
114171,965,tnbbvhlj
169386,580,orxkdypzsr
167307,903,-mtrdbzm
107777,47,tnbbvhlj
242251,227,-mtrdbzm
171997,728,jysorbkbhpesaqufo
139830,198,jysorbkbhpesaqufo
3877,310,-hsl-gtep
105334,306,-hsl-gtep
286329,336,jysorbkbhpesaqufo
79978,144,-mtrdbzm
270214,795,lkdlqnr
73788,359,liglxfhhoqshodsv
192061,89,liglxfhhoqshodsv
280160,697,liglxfhhoqshodsv
297535,706,orxkdypzsr
6432,921,-mtrdbzm
165772,290,tnbbvhlj
125583,809,tnbbvhlj
127950,302,lkdlqnr
255294,621,-hsl-gtep
251248,73,tnbbvhlj
131615,710,-mtrdbzm
232275,437,-mtrdbzm
175020,116,-mtrdbzm
234607,930,uhejx-nxxxdxx-
125234,846,lkdlqnr
206483,89,-mtrdbzm
136736,561,qsavgvxoenog
272349,272,qsavgvxoenog
111807,412,liglxfhhoqshodsv
82231,675,kumpd
79953,869,orxkdypzsr
294559,264,tnbbvhlj
193394,257,jysorbkbhpesaqufo
218003,494,lkdlqnr
223726,594,kumpd
58865,52,orxkdypzsr
28038,889,qsavgvxoenog
1660,152,uhejx-nxxxdxx-
292945,472,jysorbkbhpesaqufo
57608,372,orxkdypzsr
63104,843,liglxfhhoqshodsv
130139,945,jysorbkbhpesaqufo
56666,463,-mtrdbzm
35290,860,liglxfhhoqshodsv
37043,975,jysorbkbhpesaqufo
245659,998,jysorbkbhpesaqufo
298204,939,tnbbvhlj
4694,63,lkdlqnr
219089,48,tnbbvhlj
93651,465,jysorbkbhpesaqufo
94670,390,tnbbvhlj
185149,589,uhejx-nxxxdxx-
123361,790,-mtrdbzm
209350,192,-mtrdbzm
18244,393,jysorbkbhpesaqufo
150473,19,uhejx-nxxxdxx-
182562,907,liglxfhhoqshodsv
90056,28,tnbbvhlj
37286,947,orxkdypzsr
290010,186,liglxfhhoqshodsv
283129,70,uhejx-nxxxdxx-
236294,964,tnbbvhlj
100365,552,uhejx-nxxxdxx-
267789,821,tnbbvhlj
248133,727,orxkdypzsr
146459,529,orxkdypzsr
127586,89,-mtrdbzm
73068,719,uhejx-nxxxdxx-
234034,36,liglxfhhoqshodsv
267025,578,uhejx-nxxxdxx-
283881,421,tnbbvhlj
254610,751,-mtrdbzm
176994,675,liglxfhhoqshodsv
50745,51,uhejx-nxxxdxx-
79568,20,jysorbkbhpesaqufo
291360,42,liglxfhhoqshodsv
248739,400,tnbbvhlj
120779,153,-mtrdbzm
188807,390,qsavgvxoenog
139522,917,liglxfhhoqshodsv
116633,511,lkdlqnr
207929,509,kumpd
184509,271,-mtrdbzm
297136,474,uhejx-nxxxdxx-
71472,347,liglxfhhoqshodsv
96787,790,kumpd
61468,19,uhejx-nxxxdxx-
246277,645,-mtrdbzm
180875,801,-hsl-gtep
210366,755,qsavgvxoenog
26654,740,tnbbvhlj
109355,140,tnbbvhlj
281859,135,jysorbkbhpesaqufo
40627,33,-hsl-gtep
21832,887,tnbbvhlj
58694,282,qsavgvxoenog
26875,601,qsavgvxoenog
33160,667,tnbbvhlj
186711,91,jysorbkbhpesaqufo
56725,796,orxkdypzsr
280407,472,orxkdypzsr
147545,607,uhejx-nxxxdxx-
70876,349,kumpd
12437,470,-mtrdbzm
238918,596,tnbbvhlj
223318,754,qsavgvxoenog
49565,865,-hsl-gtep
24455,987,liglxfhhoqshodsv
42414,154,orxkdypzsr
207511,579,-hsl-gtep
200410,123,kumpd
67379,746,tnbbvhlj
133661,728,qsavgvxoenog
167159,771,-hsl-gtep
72522,573,kumpd
237475,803,tnbbvhlj
69389,906,-hsl-gtep
14064,213,-hsl-gtep
149152,887,lkdlqnr
253982,15,lkdlqnr
16726,289,kumpd
113049,508,jysorbkbhpesaqufo
76657,494,jysorbkbhpesaqufo
82324,91,-hsl-gtep
110143,405,uhejx-nxxxdxx-
85830,709,-hsl-gtep
4739,658,-mtrdbzm
137959,841,lkdlqnr
85908,536,kumpd
232216,431,-mtrdbzm
168857,1,lkdlqnr
79003,568,orxkdypzsr
132156,168,jysorbkbhpesaqufo
250359,647,qsavgvxoenog
153133,712,jysorbkbhpesaqufo
240510,321,kumpd
150418,907,lkdlqnr
32739,995,jysorbkbhpesaqufo
299601,775,-hsl-gtep
78357,995,liglxfhhoqshodsv
287343,128,kumpd
108087,992,lkdlqnr
176342,156,liglxfhhoqshodsv
286378,975,uhejx-nxxxdxx-
84835,28,tnbbvhlj
99378,833,tnbbvhlj
157459,476,jysorbkbhpesaqufo
17859,794,-mtrdbzm
194455,861,uhejx-nxxxdxx-
39978,920,-mtrdbzm
109395,431,uhejx-nxxxdxx-
227028,397,kumpd
163193,245,-mtrdbzm
244871,502,lkdlqnr
164569,419,lkdlqnr
35895,780,tnbbvhlj
269083,804,qsavgvxoenog
183248,1,uhejx-nxxxdxx-
52889,708,kumpd
44356,959,lkdlqnr
236269,64,jysorbkbhpesaqufo
247842,288,-mtrdbzm
297309,522,liglxfhhoqshodsv
233206,851,uhejx-nxxxdxx-
28356,552,qsavgvxoenog
264421,73,-mtrdbzm
212788,350,-mtrdbzm
277576,800,uhejx-nxxxdxx-
106574,570,liglxfhhoqshodsv
204410,914,qsavgvxoenog
140555,228,-hsl-gtep
6356,466,kumpd
95577,512,-hsl-gtep
64961,918,liglxfhhoqshodsv
3841,525,-hsl-gtep
136629,802,-mtrdbzm
270952,764,liglxfhhoqshodsv
298200,880,orxkdypzsr
255717,878,qsavgvxoenog
52305,482,kumpd
218486,951,jysorbkbhpesaqufo
156999,942,-mtrdbzm
174171,835,-mtrdbzm
2526,209,lkdlqnr
6681,853,kumpd
125558,486,jysorbkbhpesaqufo
68550,414,kumpd
279511,814,-hsl-gtep
264974,439,uhejx-nxxxdxx-
36900,177,orxkdypzsr
287439,962,jysorbkbhpesaqufo
153681,815,uhejx-nxxxdxx-
273910,167,qsavgvxoenog
279863,967,lkdlqnr
30919,54,jysorbkbhpesaqufo
180986,980,kumpd
193435,219,qsavgvxoenog
57344,54,-mtrdbzm
80070,569,liglxfhhoqshodsv
89691,294,lkdlqnr
71535,373,orxkdypzsr
172961,648,orxkdypzsr
72887,787,orxkdypzsr
62276,929,-mtrdbzm
217687,984,liglxfhhoqshodsv
73991,796,liglxfhhoqshodsv
269329,876,tnbbvhlj
10578,296,jysorbkbhpesaqufo
83808,951,kumpd
40449,216,liglxfhhoqshodsv
182518,765,-hsl-gtep
279114,873,liglxfhhoqshodsv
264263,280,tnbbvhlj
242333,890,orxkdypzsr
63731,327,jysorbkbhpesaqufo
162572,76,lkdlqnr
64991,980,-hsl-gtep
251982,541,orxkdypzsr
213344,219,qsavgvxoenog
30711,720,lkdlqnr
174035,871,orxkdypzsr
153970,997,-hsl-gtep
42619,253,lkdlqnr
142315,208,orxkdypzsr
274124,703,-hsl-gtep
165192,556,-mtrdbzm
177721,54,liglxfhhoqshodsv
21790,390,liglxfhhoqshodsv
168635,307,kumpd
90196,872,qsavgvxoenog
80681,526,tnbbvhlj
56313,757,orxkdypzsr
234392,691,liglxfhhoqshodsv
90818,867,liglxfhhoqshodsv
167593,415,orxkdypzsr
185382,801,liglxfhhoqshodsv
128151,587,qsavgvxoenog
137976,695,orxkdypzsr
63037,785,qsavgvxoenog
253578,181,orxkdypzsr
257872,411,tnbbvhlj